Handle,Title,Body (HTML),Vendor,Type,Tags,Published,Option1 Name,Option1 Value,Variant Grams,Variant Inventory Tracker,Variant Inventory Qty,Variant Price,Image Src,Image Position,Image Alt Text
amiparis-hoodies-amiparis-hoodie-001,Ami Paris amiparis-hoodie-001,,Ami Paris,Hoodies,"Ami Paris,Hoodies,Unisex",TRUE,Size,XS,500,shopify,100,250.00,front.webp,1,Ami Paris amiparis-hoodie-001
amiparis-hoodies-amiparis-hoodie-001,,,,,,,,Size,S,500,shopify,100,250.00,,,
amiparis-hoodies-amiparis-hoodie-001,,,,,,,,Size,M,500,shopify,100,250.00,,,
amiparis-hoodies-amiparis-hoodie-001,,,,,,,,Size,L,500,shopify,100,250.00,,,
amiparis-hoodies-amiparis-hoodie-001,,,,,,,,Size,XL,500,shopify,100,250.00,,,
amiparis-hoodies-amiparis-hoodie-001,,,,,,,,Size,XXL,500,shopify,100,250.00,,,
amiparis-hoodies-amiparis-hoodie-002,Ami Paris amiparis-hoodie-002,,Ami Paris,Hoodies,"Ami Paris,Hoodies,Unisex",TRUE,Size,XS,500,shopify,100,250.00,front.webp,1,Ami Paris amiparis-hoodie-002
amiparis-hoodies-amiparis-hoodie-002,,,,,,,,Size,S,500,shopify,100,250.00,,,
amiparis-hoodies-amiparis-hoodie-002,,,,,,,,Size,M,500,shopify,100,250.00,,,
amiparis-hoodies-amiparis-hoodie-002,,,,,,,,Size,L,500,shopify,100,250.00,,,
amiparis-hoodies-amiparis-hoodie-002,,,,,,,,Size,XL,500,shopify,100,250.00,,,
amiparis-hoodies-amiparis-hoodie-002,,,,,,,,Size,XXL,500,shopify,100,250.00,,,
amiparis-hoodies-amiparis-hoodie-003,Ami Paris amiparis-hoodie-003,,Ami Paris,Hoodies,"Ami Paris,Hoodies,Unisex",TRUE,Size,XS,500,shopify,100,250.00,front.webp,1,Ami Paris amiparis-hoodie-003
amiparis-hoodies-amiparis-hoodie-003,,,,,,,,Size,S,500,shopify,100,250.00,,,
amiparis-hoodies-amiparis-hoodie-003,,,,,,,,Size,M,500,shopify,100,250.00,,,
amiparis-hoodies-amiparis-hoodie-003,,,,,,,,Size,L,500,shopify,100,250.00,,,
amiparis-hoodies-amiparis-hoodie-003,,,,,,,,Size,XL,500,shopify,100,250.00,,,
amiparis-hoodies-amiparis-hoodie-003,,,,,,,,Size,XXL,500,shopify,100,250.00,,,
amiparis-hoodies-amiparis-hoodie-003,,,,,,,,,,,,,.webp,2,
amiparis-hoodies-amiparis-hoodie-003,,,,,,,,,,,,,back.webp,3,
amiparis-iphone-case-amiparis-iphone_case-001,Ami Paris amiparis-iphone_case-001,,Ami Paris,iPhone Case,"Ami Paris,iPhone Case,Unisex",TRUE,Size,XS,500,shopify,100,250.00,front.webp,1,Ami Paris amiparis-iphone_case-001
amiparis-iphone-case-amiparis-iphone_case-001,,,,,,,,Size,S,500,shopify,100,250.00,,,
amiparis-iphone-case-amiparis-iphone_case-001,,,,,,,,Size,M,500,shopify,100,250.00,,,
amiparis-iphone-case-amiparis-iphone_case-001,,,,,,,,Size,L,500,shopify,100,250.00,,,
amiparis-iphone-case-amiparis-iphone_case-001,,,,,,,,Size,XL,500,shopify,100,250.00,,,
amiparis-iphone-case-amiparis-iphone_case-001,,,,,,,,Size,XXL,500,shopify,100,250.00,,,
amiparis-iphone-case-amiparis-iphone_case-002,Ami Paris amiparis-iphone_case-002,,Ami Paris,iPhone Case,"Ami Paris,iPhone Case,Unisex",TRUE,Size,XS,500,shopify,100,250.00,front.webp,1,Ami Paris amiparis-iphone_case-002
amiparis-iphone-case-amiparis-iphone_case-002,,,,,,,,Size,S,500,shopify,100,250.00,,,
amiparis-iphone-case-amiparis-iphone_case-002,,,,,,,,Size,M,500,shopify,100,250.00,,,
amiparis-iphone-case-amiparis-iphone_case-002,,,,,,,,Size,L,500,shopify,100,250.00,,,
amiparis-iphone-case-amiparis-iphone_case-002,,,,,,,,Size,XL,500,shopify,100,250.00,,,
amiparis-iphone-case-amiparis-iphone_case-002,,,,,,,,Size,XXL,500,shopify,100,250.00,,,
amiparis-iphone-case-amiparis-iphone_case-003,Ami Paris amiparis-iphone_case-003,,Ami Paris,iPhone Case,"Ami Paris,iPhone Case,Unisex",TRUE,Size,XS,500,shopify,100,250.00,front.webp,1,Ami Paris amiparis-iphone_case-003
amiparis-iphone-case-amiparis-iphone_case-003,,,,,,,,Size,S,500,shopify,100,250.00,,,
amiparis-iphone-case-amiparis-iphone_case-003,,,,,,,,Size,M,500,shopify,100,250.00,,,
amiparis-iphone-case-amiparis-iphone_case-003,,,,,,,,Size,L,500,shopify,100,250.00,,,
amiparis-iphone-case-amiparis-iphone_case-003,,,,,,,,Size,XL,500,shopify,100,250.00,,,
amiparis-iphone-case-amiparis-iphone_case-003,,,,,,,,Size,XXL,500,shopify,100,250.00,,,
amiparis-iphone-case-amiparis-iphone_case-003,,,,,,,,,,,,,detail1.webp,2,
amiparis-iphone-case-amiparis-iphone_case-003,,,,,,,,,,,,,detail2.webp,3,
amiparis-polos-amiparis-polo-001,Ami Paris amiparis-polo-001,,Ami Paris,Polos,"Ami Paris,Polos,Unisex",TRUE,Size,XS,500,shopify,100,250.00,front.webp,1,Ami Paris amiparis-polo-001
amiparis-polos-amiparis-polo-001,,,,,,,,Size,S,500,shopify,100,250.00,,,
amiparis-polos-amiparis-polo-001,,,,,,,,Size,M,500,shopify,100,250.00,,,
amiparis-polos-amiparis-polo-001,,,,,,,,Size,L,500,shopify,100,250.00,,,
amiparis-polos-amiparis-polo-001,,,,,,,,Size,XL,500,shopify,100,250.00,,,
amiparis-polos-amiparis-polo-001,,,,,,,,Size,XXL,500,shopify,100,250.00,,,
amiparis-polos-amiparis-polo-002,Ami Paris amiparis-polo-002,,Ami Paris,Polos,"Ami Paris,Polos,Unisex",TRUE,Size,XS,500,shopify,100,250.00,front.webp,1,Ami Paris amiparis-polo-002
amiparis-polos-amiparis-polo-002,,,,,,,,Size,S,500,shopify,100,250.00,,,
amiparis-polos-amiparis-polo-002,,,,,,,,Size,M,500,shopify,100,250.00,,,
amiparis-polos-amiparis-polo-002,,,,,,,,Size,L,500,shopify,100,250.00,,,
amiparis-polos-amiparis-polo-002,,,,,,,,Size,XL,500,shopify,100,250.00,,,
amiparis-polos-amiparis-polo-002,,,,,,,,Size,XXL,500,shopify,100,250.00,,,
amiparis-polos-amiparis-polo-003,Ami Paris amiparis-polo-003,,Ami Paris,Polos,"Ami Paris,Polos,Unisex",TRUE,Size,XS,500,shopify,100,250.00,front.webp,1,Ami Paris amiparis-polo-003
amiparis-polos-amiparis-polo-003,,,,,,,,Size,S,500,shopify,100,250.00,,,
amiparis-polos-amiparis-polo-003,,,,,,,,Size,M,500,shopify,100,250.00,,,
amiparis-polos-amiparis-polo-003,,,,,,,,Size,L,500,shopify,100,250.00,,,
amiparis-polos-amiparis-polo-003,,,,,,,,Size,XL,500,shopify,100,250.00,,,
amiparis-polos-amiparis-polo-003,,,,,,,,Size,XXL,500,shopify,100,250.00,,,
amiparis-shorts-amiparis-shorts-001,Ami Paris amiparis-shorts-001,,Ami Paris,Shorts,"Ami Paris,Shorts,Unisex",TRUE,Size,XS,500,shopify,100,250.00,front.webp,1,Ami Paris amiparis-shorts-001
amiparis-shorts-amiparis-shorts-001,,,,,,,,Size,S,500,shopify,100,250.00,,,
amiparis-shorts-amiparis-shorts-001,,,,,,,,Size,M,500,shopify,100,250.00,,,
amiparis-shorts-amiparis-shorts-001,,,,,,,,Size,L,500,shopify,100,250.00,,,
amiparis-shorts-amiparis-shorts-001,,,,,,,,Size,XL,500,shopify,100,250.00,,,
amiparis-shorts-amiparis-shorts-001,,,,,,,,Size,XXL,500,shopify,100,250.00,,,
amiparis-shorts-amiparis-shorts-002,Ami Paris amiparis-shorts-002,,Ami Paris,Shorts,"Ami Paris,Shorts,Unisex",TRUE,Size,XS,500,shopify,100,250.00,front.webp,1,Ami Paris amiparis-shorts-002
amiparis-shorts-amiparis-shorts-002,,,,,,,,Size,S,500,shopify,100,250.00,,,
amiparis-shorts-amiparis-shorts-002,,,,,,,,Size,M,500,shopify,100,250.00,,,
amiparis-shorts-amiparis-shorts-002,,,,,,,,Size,L,500,shopify,100,250.00,,,
amiparis-shorts-amiparis-shorts-002,,,,,,,,Size,XL,500,shopify,100,250.00,,,
amiparis-shorts-amiparis-shorts-002,,,,,,,,Size,XXL,500,shopify,100,250.00,,,
amiparis-shorts-amiparis-shorts-003,Ami Paris amiparis-shorts-003,,Ami Paris,Shorts,"Ami Paris,Shorts,Unisex",TRUE,Size,XS,500,shopify,100,250.00,front.webp,1,Ami Paris amiparis-shorts-003
amiparis-shorts-amiparis-shorts-003,,,,,,,,Size,S,500,shopify,100,250.00,,,
amiparis-shorts-amiparis-shorts-003,,,,,,,,Size,M,500,shopify,100,250.00,,,
amiparis-shorts-amiparis-shorts-003,,,,,,,,Size,L,500,shopify,100,250.00,,,
amiparis-shorts-amiparis-shorts-003,,,,,,,,Size,XL,500,shopify,100,250.00,,,
amiparis-shorts-amiparis-shorts-003,,,,,,,,Size,XXL,500,shopify,100,250.00,,,
amiparis-sweaters-amiparis-sweater-001,Ami Paris amiparis-sweater-001,,Ami Paris,Sweaters,"Ami Paris,Sweaters,Unisex",TRUE,Size,XS,500,shopify,100,250.00,front.webp,1,Ami Paris amiparis-sweater-001
amiparis-sweaters-amiparis-sweater-001,,,,,,,,Size,S,500,shopify,100,250.00,,,
amiparis-sweaters-amiparis-sweater-001,,,,,,,,Size,M,500,shopify,100,250.00,,,
amiparis-sweaters-amiparis-sweater-001,,,,,,,,Size,L,500,shopify,100,250.00,,,
amiparis-sweaters-amiparis-sweater-001,,,,,,,,Size,XL,500,shopify,100,250.00,,,
amiparis-sweaters-amiparis-sweater-001,,,,,,,,Size,XXL,500,shopify,100,250.00,,,
amiparis-sweaters-amiparis-sweater-002,Ami Paris amiparis-sweater-002,,Ami Paris,Sweaters,"Ami Paris,Sweaters,Unisex",TRUE,Size,XS,500,shopify,100,250.00,front.webp,1,Ami Paris amiparis-sweater-002
amiparis-sweaters-amiparis-sweater-002,,,,,,,,Size,S,500,shopify,100,250.00,,,
amiparis-sweaters-amiparis-sweater-002,,,,,,,,Size,M,500,shopify,100,250.00,,,
amiparis-sweaters-amiparis-sweater-002,,,,,,,,Size,L,500,shopify,100,250.00,,,
amiparis-sweaters-amiparis-sweater-002,,,,,,,,Size,XL,500,shopify,100,250.00,,,
amiparis-sweaters-amiparis-sweater-002,,,,,,,,Size,XXL,500,shopify,100,250.00,,,
amiparis-sweaters-amiparis-sweater-003,Ami Paris amiparis-sweater-003,,Ami Paris,Sweaters,"Ami Paris,Sweaters,Unisex",TRUE,Size,XS,500,shopify,100,250.00,front.webp,1,Ami Paris amiparis-sweater-003
amiparis-sweaters-amiparis-sweater-003,,,,,,,,Size,S,500,shopify,100,250.00,,,
amiparis-sweaters-amiparis-sweater-003,,,,,,,,Size,M,500,shopify,100,250.00,,,
amiparis-sweaters-amiparis-sweater-003,,,,,,,,Size,L,500,shopify,100,250.00,,,
amiparis-sweaters-amiparis-sweater-003,,,,,,,,Size,XL,500,shopify,100,250.00,,,
amiparis-sweaters-amiparis-sweater-003,,,,,,,,Size,XXL,500,shopify,100,250.00,,,
amiparis-sweatshirts-amiparis-sweatshirt-001,Ami Paris amiparis-sweatshirt-001,,Ami Paris,Sweatshirts,"Ami Paris,Sweatshirts,Unisex",TRUE,Size,XS,500,shopify,100,250.00,front.webp,1,Ami Paris amiparis-sweatshirt-001
amiparis-sweatshirts-amiparis-sweatshirt-001,,,,,,,,Size,S,500,shopify,100,250.00,,,
amiparis-sweatshirts-amiparis-sweatshirt-001,,,,,,,,Size,M,500,shopify,100,250.00,,,
amiparis-sweatshirts-amiparis-sweatshirt-001,,,,,,,,Size,L,500,shopify,100,250.00,,,
amiparis-sweatshirts-amiparis-sweatshirt-001,,,,,,,,Size,XL,500,shopify,100,250.00,,,
amiparis-sweatshirts-amiparis-sweatshirt-001,,,,,,,,Size,XXL,500,shopify,100,250.00,,,
amiparis-sweatshirts-amiparis-sweatshirt-002,Ami Paris amiparis-sweatshirt-002,,Ami Paris,Sweatshirts,"Ami Paris,Sweatshirts,Unisex",TRUE,Size,XS,500,shopify,100,250.00,front.webp,1,Ami Paris amiparis-sweatshirt-002
amiparis-sweatshirts-amiparis-sweatshirt-002,,,,,,,,Size,S,500,shopify,100,250.00,,,
amiparis-sweatshirts-amiparis-sweatshirt-002,,,,,,,,Size,M,500,shopify,100,250.00,,,
amiparis-sweatshirts-amiparis-sweatshirt-002,,,,,,,,Size,L,500,shopify,100,250.00,,,
amiparis-sweatshirts-amiparis-sweatshirt-002,,,,,,,,Size,XL,500,shopify,100,250.00,,,
amiparis-sweatshirts-amiparis-sweatshirt-002,,,,,,,,Size,XXL,500,shopify,100,250.00,,,
amiparis-sweatshirts-amiparis-sweatshirt-003,Ami Paris amiparis-sweatshirt-003,,Ami Paris,Sweatshirts,"Ami Paris,Sweatshirts,Unisex",TRUE,Size,XS,500,shopify,100,250.00,front.webp,1,Ami Paris amiparis-sweatshirt-003
amiparis-sweatshirts-amiparis-sweatshirt-003,,,,,,,,Size,S,500,shopify,100,250.00,,,
amiparis-sweatshirts-amiparis-sweatshirt-003,,,,,,,,Size,M,500,shopify,100,250.00,,,
amiparis-sweatshirts-amiparis-sweatshirt-003,,,,,,,,Size,L,500,shopify,100,250.00,,,
amiparis-sweatshirts-amiparis-sweatshirt-003,,,,,,,,Size,XL,500,shopify,100,250.00,,,
amiparis-sweatshirts-amiparis-sweatshirt-003,,,,,,,,Size,XXL,500,shopify,100,250.00,,,
amiparis-t-shirts-amiparis-tshirt-001,Ami Paris amiparis-tshirt-001,,Ami Paris,T-Shirts,"Ami Paris,T-Shirts,Unisex",TRUE,Size,XS,500,shopify,100,250.00,front.webp,1,Ami Paris amiparis-tshirt-001
amiparis-t-shirts-amiparis-tshirt-001,,,,,,,,Size,S,500,shopify,100,250.00,,,
amiparis-t-shirts-amiparis-tshirt-001,,,,,,,,Size,M,500,shopify,100,250.00,,,
amiparis-t-shirts-amiparis-tshirt-001,,,,,,,,Size,L,500,shopify,100,250.00,,,
amiparis-t-shirts-amiparis-tshirt-001,,,,,,,,Size,XL,500,shopify,100,250.00,,,
amiparis-t-shirts-amiparis-tshirt-001,,,,,,,,Size,XXL,500,shopify,100,250.00,,,
amiparis-t-shirts-amiparis-tshirt-002,Ami Paris amiparis-tshirt-002,,Ami Paris,T-Shirts,"Ami Paris,T-Shirts,Unisex",TRUE,Size,XS,500,shopify,100,250.00,front.webp,1,Ami Paris amiparis-tshirt-002
amiparis-t-shirts-amiparis-tshirt-002,,,,,,,,Size,S,500,shopify,100,250.00,,,
amiparis-t-shirts-amiparis-tshirt-002,,,,,,,,Size,M,500,shopify,100,250.00,,,
amiparis-t-shirts-amiparis-tshirt-002,,,,,,,,Size,L,500,shopify,100,250.00,,,
amiparis-t-shirts-amiparis-tshirt-002,,,,,,,,Size,XL,500,shopify,100,250.00,,,
amiparis-t-shirts-amiparis-tshirt-002,,,,,,,,Size,XXL,500,shopify,100,250.00,,,
amiparis-t-shirts-amiparis-tshirt-003,Ami Paris amiparis-tshirt-003,,Ami Paris,T-Shirts,"Ami Paris,T-Shirts,Unisex",TRUE,Size,XS,500,shopify,100,250.00,front.webp,1,Ami Paris amiparis-tshirt-003
amiparis-t-shirts-amiparis-tshirt-003,,,,,,,,Size,S,500,shopify,100,250.00,,,
amiparis-t-shirts-amiparis-tshirt-003,,,,,,,,Size,M,500,shopify,100,250.00,,,
amiparis-t-shirts-amiparis-tshirt-003,,,,,,,,Size,L,500,shopify,100,250.00,,,
amiparis-t-shirts-amiparis-tshirt-003,,,,,,,,Size,XL,500,shopify,100,250.00,,,
amiparis-t-shirts-amiparis-tshirt-003,,,,,,,,Size,XXL,500,shopify,100,250.00,,,
amiri-hoodies-amiri-hoodies-001,Amiri amiri-hoodies-001,,Amiri,Hoodies,"Amiri,Hoodies,Unisex",TRUE,Size,XS,500,shopify,100,250.00,front.webp,1,Amiri amiri-hoodies-001
amiri-hoodies-amiri-hoodies-001,,,,,,,,Size,S,500,shopify,100,250.00,,,
amiri-hoodies-amiri-hoodies-001,,,,,,,,Size,M,500,shopify,100,250.00,,,
amiri-hoodies-amiri-hoodies-001,,,,,,,,Size,L,500,shopify,100,250.00,,,
amiri-hoodies-amiri-hoodies-001,,,,,,,,Size,XL,500,shopify,100,250.00,,,
amiri-hoodies-amiri-hoodies-001,,,,,,,,Size,XXL,500,shopify,100,250.00,,,
amiri-hoodies-amiri-hoodies-001,,,,,,,,,,,,,back.webp,2,
amiri-hoodies-amiri-hoodies-002,Amiri amiri-hoodies-002,,Amiri,Hoodies,"Amiri,Hoodies,Unisex",TRUE,Size,XS,500,shopify,100,250.00,front.webp,1,Amiri amiri-hoodies-002
amiri-hoodies-amiri-hoodies-002,,,,,,,,Size,S,500,shopify,100,250.00,,,
amiri-hoodies-amiri-hoodies-002,,,,,,,,Size,M,500,shopify,100,250.00,,,
amiri-hoodies-amiri-hoodies-002,,,,,,,,Size,L,500,shopify,100,250.00,,,
amiri-hoodies-amiri-hoodies-002,,,,,,,,Size,XL,500,shopify,100,250.00,,,
amiri-hoodies-amiri-hoodies-002,,,,,,,,Size,XXL,500,shopify,100,250.00,,,
amiri-hoodies-amiri-hoodies-002,,,,,,,,,,,,,back.webp,2,
amiri-hoodies-amiri-hoodies-003,Amiri amiri-hoodies-003,,Amiri,Hoodies,"Amiri,Hoodies,Unisex",TRUE,Size,XS,500,shopify,100,250.00,front.webp,1,Amiri amiri-hoodies-003
amiri-hoodies-amiri-hoodies-003,,,,,,,,Size,S,500,shopify,100,250.00,,,
amiri-hoodies-amiri-hoodies-003,,,,,,,,Size,M,500,shopify,100,250.00,,,
amiri-hoodies-amiri-hoodies-003,,,,,,,,Size,L,500,shopify,100,250.00,,,
amiri-hoodies-amiri-hoodies-003,,,,,,,,Size,XL,500,shopify,100,250.00,,,
amiri-hoodies-amiri-hoodies-003,,,,,,,,Size,XXL,500,shopify,100,250.00,,,
amiri-hoodies-amiri-hoodies-003,,,,,,,,,,,,,back.webp,2,
amiri-jeans-amiri-jeans-001,Amiri amiri-jeans-001,,Amiri,Jeans,"Amiri,Jeans,Unisex",TRUE,Size,XS,500,shopify,100,250.00,front.webp,1,Amiri amiri-jeans-001
amiri-jeans-amiri-jeans-001,,,,,,,,Size,S,500,shopify,100,250.00,,,
amiri-jeans-amiri-jeans-001,,,,,,,,Size,M,500,shopify,100,250.00,,,
amiri-jeans-amiri-jeans-001,,,,,,,,Size,L,500,shopify,100,250.00,,,
amiri-jeans-amiri-jeans-001,,,,,,,,Size,XL,500,shopify,100,250.00,,,
amiri-jeans-amiri-jeans-001,,,,,,,,Size,XXL,500,shopify,100,250.00,,,
amiri-jeans-amiri-jeans-001,,,,,,,,,,,,,back.webp,2,
amiri-jeans-amiri-jeans-002,Amiri amiri-jeans-002,,Amiri,Jeans,"Amiri,Jeans,Unisex",TRUE,Size,XS,500,shopify,100,250.00,front.webp,1,Amiri amiri-jeans-002
amiri-jeans-amiri-jeans-002,,,,,,,,Size,S,500,shopify,100,250.00,,,
amiri-jeans-amiri-jeans-002,,,,,,,,Size,M,500,shopify,100,250.00,,,
amiri-jeans-amiri-jeans-002,,,,,,,,Size,L,500,shopify,100,250.00,,,
amiri-jeans-amiri-jeans-002,,,,,,,,Size,XL,500,shopify,100,250.00,,,
amiri-jeans-amiri-jeans-002,,,,,,,,Size,XXL,500,shopify,100,250.00,,,
amiri-jeans-amiri-jeans-002,,,,,,,,,,,,,back.webp,2,
amiri-jeans-amiri-jeans-003,Amiri amiri-jeans-003,,Amiri,Jeans,"Amiri,Jeans,Unisex",TRUE,Size,XS,500,shopify,100,250.00,front.webp,1,Amiri amiri-jeans-003
amiri-jeans-amiri-jeans-003,,,,,,,,Size,S,500,shopify,100,250.00,,,
amiri-jeans-amiri-jeans-003,,,,,,,,Size,M,500,shopify,100,250.00,,,
amiri-jeans-amiri-jeans-003,,,,,,,,Size,L,500,shopify,100,250.00,,,
amiri-jeans-amiri-jeans-003,,,,,,,,Size,XL,500,shopify,100,250.00,,,
amiri-jeans-amiri-jeans-003,,,,,,,,Size,XXL,500,shopify,100,250.00,,,
amiri-jeans-amiri-jeans-003,,,,,,,,,,,,,back.webp,2,
amiri-polos-amiri-polo-001,Amiri amiri-polo-001,,Amiri,Polos,"Amiri,Polos,Unisex",TRUE,Size,XS,500,shopify,100,250.00,front.webp,1,Amiri amiri-polo-001
amiri-polos-amiri-polo-001,,,,,,,,Size,S,500,shopify,100,250.00,,,
amiri-polos-amiri-polo-001,,,,,,,,Size,M,500,shopify,100,250.00,,,
amiri-polos-amiri-polo-001,,,,,,,,Size,L,500,shopify,100,250.00,,,
amiri-polos-amiri-polo-001,,,,,,,,Size,XL,500,shopify,100,250.00,,,
amiri-polos-amiri-polo-001,,,,,,,,Size,XXL,500,shopify,100,250.00,,,
amiri-polos-amiri-polo-001,,,,,,,,,,,,,back.webp,2,
amiri-polos-amiri-polo-002,Amiri amiri-polo-002,,Amiri,Polos,"Amiri,Polos,Unisex",TRUE,Size,XS,500,shopify,100,250.00,front.webp,1,Amiri amiri-polo-002
amiri-polos-amiri-polo-002,,,,,,,,Size,S,500,shopify,100,250.00,,,
amiri-polos-amiri-polo-002,,,,,,,,Size,M,500,shopify,100,250.00,,,
amiri-polos-amiri-polo-002,,,,,,,,Size,L,500,shopify,100,250.00,,,
amiri-polos-amiri-polo-002,,,,,,,,Size,XL,500,shopify,100,250.00,,,
amiri-polos-amiri-polo-002,,,,,,,,Size,XXL,500,shopify,100,250.00,,,
amiri-polos-amiri-polo-002,,,,,,,,,,,,,back.webp,2,
amiri-polos-amiri-polo-003,Amiri amiri-polo-003,,Amiri,Polos,"Amiri,Polos,Unisex",TRUE,Size,XS,500,shopify,100,250.00,front.webp,1,Amiri amiri-polo-003
amiri-polos-amiri-polo-003,,,,,,,,Size,S,500,shopify,100,250.00,,,
amiri-polos-amiri-polo-003,,,,,,,,Size,M,500,shopify,100,250.00,,,
amiri-polos-amiri-polo-003,,,,,,,,Size,L,500,shopify,100,250.00,,,
amiri-polos-amiri-polo-003,,,,,,,,Size,XL,500,shopify,100,250.00,,,
amiri-polos-amiri-polo-003,,,,,,,,Size,XXL,500,shopify,100,250.00,,,
amiri-polos-amiri-polo-003,,,,,,,,,,,,,back.webp,2,
amiri-sets-amiri-sets-001,Amiri amiri-sets-001,,Amiri,Sets,"Amiri,Sets,Unisex",TRUE,Size,XS,500,shopify,100,250.00,front.webp,1,Amiri amiri-sets-001
amiri-sets-amiri-sets-001,,,,,,,,Size,S,500,shopify,100,250.00,,,
amiri-sets-amiri-sets-001,,,,,,,,Size,M,500,shopify,100,250.00,,,
amiri-sets-amiri-sets-001,,,,,,,,Size,L,500,shopify,100,250.00,,,
amiri-sets-amiri-sets-001,,,,,,,,Size,XL,500,shopify,100,250.00,,,
amiri-sets-amiri-sets-001,,,,,,,,Size,XXL,500,shopify,100,250.00,,,
amiri-sets-amiri-sets-001,,,,,,,,,,,,,back.webp,2,
amiri-sets-amiri-sets-002,Amiri amiri-sets-002,,Amiri,Sets,"Amiri,Sets,Unisex",TRUE,Size,XS,500,shopify,100,250.00,front.webp,1,Amiri amiri-sets-002
amiri-sets-amiri-sets-002,,,,,,,,Size,S,500,shopify,100,250.00,,,
amiri-sets-amiri-sets-002,,,,,,,,Size,M,500,shopify,100,250.00,,,
amiri-sets-amiri-sets-002,,,,,,,,Size,L,500,shopify,100,250.00,,,
amiri-sets-amiri-sets-002,,,,,,,,Size,XL,500,shopify,100,250.00,,,
amiri-sets-amiri-sets-002,,,,,,,,Size,XXL,500,shopify,100,250.00,,,
amiri-sets-amiri-sets-002,,,,,,,,,,,,,back.webp,2,
amiri-sets-amiri-sets-003,Amiri amiri-sets-003,,Amiri,Sets,"Amiri,Sets,Unisex",TRUE,Size,XS,500,shopify,100,250.00,front.webp,1,Amiri amiri-sets-003
amiri-sets-amiri-sets-003,,,,,,,,Size,S,500,shopify,100,250.00,,,
amiri-sets-amiri-sets-003,,,,,,,,Size,M,500,shopify,100,250.00,,,
amiri-sets-amiri-sets-003,,,,,,,,Size,L,500,shopify,100,250.00,,,
amiri-sets-amiri-sets-003,,,,,,,,Size,XL,500,shopify,100,250.00,,,
amiri-sets-amiri-sets-003,,,,,,,,Size,XXL,500,shopify,100,250.00,,,
amiri-shirts-amiri-shirts-001,Amiri amiri-shirts-001,,Amiri,Shirts,"Amiri,Shirts,Unisex",TRUE,Size,XS,500,shopify,100,250.00,front.webp,1,Amiri amiri-shirts-001
amiri-shirts-amiri-shirts-001,,,,,,,,Size,S,500,shopify,100,250.00,,,
amiri-shirts-amiri-shirts-001,,,,,,,,Size,M,500,shopify,100,250.00,,,
amiri-shirts-amiri-shirts-001,,,,,,,,Size,L,500,shopify,100,250.00,,,
amiri-shirts-amiri-shirts-001,,,,,,,,Size,XL,500,shopify,100,250.00,,,
amiri-shirts-amiri-shirts-001,,,,,,,,Size,XXL,500,shopify,100,250.00,,,
amiri-shirts-amiri-shirts-001,,,,,,,,,,,,,back.webp,2,
amiri-shirts-amiri-shirts-002,Amiri amiri-shirts-002,,Amiri,Shirts,"Amiri,Shirts,Unisex",TRUE,Size,XS,500,shopify,100,250.00,front.webp,1,Amiri amiri-shirts-002
amiri-shirts-amiri-shirts-002,,,,,,,,Size,S,500,shopify,100,250.00,,,
amiri-shirts-amiri-shirts-002,,,,,,,,Size,M,500,shopify,100,250.00,,,
amiri-shirts-amiri-shirts-002,,,,,,,,Size,L,500,shopify,100,250.00,,,
amiri-shirts-amiri-shirts-002,,,,,,,,Size,XL,500,shopify,100,250.00,,,
amiri-shirts-amiri-shirts-002,,,,,,,,Size,XXL,500,shopify,100,250.00,,,
amiri-shirts-amiri-shirts-002,,,,,,,,,,,,,back.webp,2,
amiri-shoes-amiri-shoes-001,Amiri amiri-shoes-001,,Amiri,Shoes,"Amiri,Shoes,Unisex",TRUE,Size,XS,500,shopify,100,250.00,front.webp,1,Amiri amiri-shoes-001
amiri-shoes-amiri-shoes-001,,,,,,,,Size,S,500,shopify,100,250.00,,,
amiri-shoes-amiri-shoes-001,,,,,,,,Size,M,500,shopify,100,250.00,,,
amiri-shoes-amiri-shoes-001,,,,,,,,Size,L,500,shopify,100,250.00,,,
amiri-shoes-amiri-shoes-001,,,,,,,,Size,XL,500,shopify,100,250.00,,,
amiri-shoes-amiri-shoes-001,,,,,,,,Size,XXL,500,shopify,100,250.00,,,
amiri-shoes-amiri-shoes-001,,,,,,,,,,,,,back.webp,2,
amiri-shoes-amiri-shoes-001,,,,,,,,,,,,,detail1.webp,3,
amiri-shoes-amiri-shoes-001,,,,,,,,,,,,,detail2.webp,4,
amiri-shoes-amiri-shoes-002,Amiri amiri-shoes-002,,Amiri,Shoes,"Amiri,Shoes,Unisex",TRUE,Size,XS,500,shopify,100,250.00,front.webp,1,Amiri amiri-shoes-002
amiri-shoes-amiri-shoes-002,,,,,,,,Size,S,500,shopify,100,250.00,,,
amiri-shoes-amiri-shoes-002,,,,,,,,Size,M,500,shopify,100,250.00,,,
amiri-shoes-amiri-shoes-002,,,,,,,,Size,L,500,shopify,100,250.00,,,
amiri-shoes-amiri-shoes-002,,,,,,,,Size,XL,500,shopify,100,250.00,,,
amiri-shoes-amiri-shoes-002,,,,,,,,Size,XXL,500,shopify,100,250.00,,,
amiri-shoes-amiri-shoes-002,,,,,,,,,,,,,back.webp,2,
amiri-shoes-amiri-shoes-003,Amiri amiri-shoes-003,,Amiri,Shoes,"Amiri,Shoes,Unisex",TRUE,Size,XS,500,shopify,100,250.00,front.webp,1,Amiri amiri-shoes-003
amiri-shoes-amiri-shoes-003,,,,,,,,Size,S,500,shopify,100,250.00,,,
amiri-shoes-amiri-shoes-003,,,,,,,,Size,M,500,shopify,100,250.00,,,
amiri-shoes-amiri-shoes-003,,,,,,,,Size,L,500,shopify,100,250.00,,,
amiri-shoes-amiri-shoes-003,,,,,,,,Size,XL,500,shopify,100,250.00,,,
amiri-shoes-amiri-shoes-003,,,,,,,,Size,XXL,500,shopify,100,250.00,,,
amiri-shoes-amiri-shoes-003,,,,,,,,,,,,,back.webp,2,
amiri-shoes-amiri-shoes-003,,,,,,,,,,,,,detail1.webp,3,
amiri-shoes-amiri-shoes-003,,,,,,,,,,,,,detail2.webp,4,
amiri-shorts-amiri-shorts-001,Amiri amiri-shorts-001,,Amiri,Shorts,"Amiri,Shorts,Unisex",TRUE,Size,XS,500,shopify,100,250.00,front.webp,1,Amiri amiri-shorts-001
amiri-shorts-amiri-shorts-001,,,,,,,,Size,S,500,shopify,100,250.00,,,
amiri-shorts-amiri-shorts-001,,,,,,,,Size,M,500,shopify,100,250.00,,,
amiri-shorts-amiri-shorts-001,,,,,,,,Size,L,500,shopify,100,250.00,,,
amiri-shorts-amiri-shorts-001,,,,,,,,Size,XL,500,shopify,100,250.00,,,
amiri-shorts-amiri-shorts-001,,,,,,,,Size,XXL,500,shopify,100,250.00,,,
amiri-shorts-amiri-shorts-001,,,,,,,,,,,,,back.webp,2,
amiri-shorts-amiri-shorts-002,Amiri amiri-shorts-002,,Amiri,Shorts,"Amiri,Shorts,Unisex",TRUE,Size,XS,500,shopify,100,250.00,front.webp,1,Amiri amiri-shorts-002
amiri-shorts-amiri-shorts-002,,,,,,,,Size,S,500,shopify,100,250.00,,,
amiri-shorts-amiri-shorts-002,,,,,,,,Size,M,500,shopify,100,250.00,,,
amiri-shorts-amiri-shorts-002,,,,,,,,Size,L,500,shopify,100,250.00,,,
amiri-shorts-amiri-shorts-002,,,,,,,,Size,XL,500,shopify,100,250.00,,,
amiri-shorts-amiri-shorts-002,,,,,,,,Size,XXL,500,shopify,100,250.00,,,
amiri-shorts-amiri-shorts-002,,,,,,,,,,,,,back.webp,2,
amiri-shorts-amiri-shorts-003,Amiri amiri-shorts-003,,Amiri,Shorts,"Amiri,Shorts,Unisex",TRUE,Size,XS,500,shopify,100,250.00,front.webp,1,Amiri amiri-shorts-003
amiri-shorts-amiri-shorts-003,,,,,,,,Size,S,500,shopify,100,250.00,,,
amiri-shorts-amiri-shorts-003,,,,,,,,Size,M,500,shopify,100,250.00,,,
amiri-shorts-amiri-shorts-003,,,,,,,,Size,L,500,shopify,100,250.00,,,
amiri-shorts-amiri-shorts-003,,,,,,,,Size,XL,500,shopify,100,250.00,,,
amiri-shorts-amiri-shorts-003,,,,,,,,Size,XXL,500,shopify,100,250.00,,,
amiri-shorts-amiri-shorts-003,,,,,,,,,,,,,back.webp,2,
amiri-tshirts-amiri-tshirt-001,Amiri amiri-tshirt-001,,Amiri,Tshirts,"Amiri,Tshirts,Unisex",TRUE,Size,XS,500,shopify,100,250.00,front.webp,1,Amiri amiri-tshirt-001
amiri-tshirts-amiri-tshirt-001,,,,,,,,Size,S,500,shopify,100,250.00,,,
amiri-tshirts-amiri-tshirt-001,,,,,,,,Size,M,500,shopify,100,250.00,,,
amiri-tshirts-amiri-tshirt-001,,,,,,,,Size,L,500,shopify,100,250.00,,,
amiri-tshirts-amiri-tshirt-001,,,,,,,,Size,XL,500,shopify,100,250.00,,,
amiri-tshirts-amiri-tshirt-001,,,,,,,,Size,XXL,500,shopify,100,250.00,,,
amiri-tshirts-amiri-tshirt-001,,,,,,,,,,,,,back.webp,2,
amiri-tshirts-amiri-tshirt-002,Amiri amiri-tshirt-002,,Amiri,Tshirts,"Amiri,Tshirts,Unisex",TRUE,Size,XS,500,shopify,100,250.00,front.webp,1,Amiri amiri-tshirt-002
amiri-tshirts-amiri-tshirt-002,,,,,,,,Size,S,500,shopify,100,250.00,,,
amiri-tshirts-amiri-tshirt-002,,,,,,,,Size,M,500,shopify,100,250.00,,,
amiri-tshirts-amiri-tshirt-002,,,,,,,,Size,L,500,shopify,100,250.00,,,
amiri-tshirts-amiri-tshirt-002,,,,,,,,Size,XL,500,shopify,100,250.00,,,
amiri-tshirts-amiri-tshirt-002,,,,,,,,Size,XXL,500,shopify,100,250.00,,,
amiri-tshirts-amiri-tshirt-002,,,,,,,,,,,,,back.webp,2,
amiri-tshirts-amiri-tshirt-003,Amiri amiri-tshirt-003,,Amiri,Tshirts,"Amiri,Tshirts,Unisex",TRUE,Size,XS,500,shopify,100,250.00,front.webp,1,Amiri amiri-tshirt-003
amiri-tshirts-amiri-tshirt-003,,,,,,,,Size,S,500,shopify,100,250.00,,,
amiri-tshirts-amiri-tshirt-003,,,,,,,,Size,M,500,shopify,100,250.00,,,
amiri-tshirts-amiri-tshirt-003,,,,,,,,Size,L,500,shopify,100,250.00,,,
amiri-tshirts-amiri-tshirt-003,,,,,,,,Size,XL,500,shopify,100,250.00,,,
amiri-tshirts-amiri-tshirt-003,,,,,,,,Size,XXL,500,shopify,100,250.00,,,
amiri-tshirts-amiri-tshirt-003,,,,,,,,,,,,,back.webp,2,
arcteryx-hats-arcteryx-hat-001,Arcteryx arcteryx-hat-001,,Arcteryx,Hats,"Arcteryx,Hats,Unisex",TRUE,Size,XS,500,shopify,100,250.00,front.webp,1,Arcteryx arcteryx-hat-001
arcteryx-hats-arcteryx-hat-001,,,,,,,,Size,S,500,shopify,100,250.00,,,
arcteryx-hats-arcteryx-hat-001,,,,,,,,Size,M,500,shopify,100,250.00,,,
arcteryx-hats-arcteryx-hat-001,,,,,,,,Size,L,500,shopify,100,250.00,,,
arcteryx-hats-arcteryx-hat-001,,,,,,,,Size,XL,500,shopify,100,250.00,,,
arcteryx-hats-arcteryx-hat-001,,,,,,,,Size,XXL,500,shopify,100,250.00,,,
arcteryx-hats-arcteryx-hat-002,Arcteryx arcteryx-hat-002,,Arcteryx,Hats,"Arcteryx,Hats,Unisex",TRUE,Size,XS,500,shopify,100,250.00,front.webp,1,Arcteryx arcteryx-hat-002
arcteryx-hats-arcteryx-hat-002,,,,,,,,Size,S,500,shopify,100,250.00,,,
arcteryx-hats-arcteryx-hat-002,,,,,,,,Size,M,500,shopify,100,250.00,,,
arcteryx-hats-arcteryx-hat-002,,,,,,,,Size,L,500,shopify,100,250.00,,,
arcteryx-hats-arcteryx-hat-002,,,,,,,,Size,XL,500,shopify,100,250.00,,,
arcteryx-hats-arcteryx-hat-002,,,,,,,,Size,XXL,500,shopify,100,250.00,,,
arcteryx-hats-arcteryx-hat-003,Arcteryx arcteryx-hat-003,,Arcteryx,Hats,"Arcteryx,Hats,Unisex",TRUE,Size,XS,500,shopify,100,250.00,front.webp,1,Arcteryx arcteryx-hat-003
arcteryx-hats-arcteryx-hat-003,,,,,,,,Size,S,500,shopify,100,250.00,,,
arcteryx-hats-arcteryx-hat-003,,,,,,,,Size,M,500,shopify,100,250.00,,,
arcteryx-hats-arcteryx-hat-003,,,,,,,,Size,L,500,shopify,100,250.00,,,
arcteryx-hats-arcteryx-hat-003,,,,,,,,Size,XL,500,shopify,100,250.00,,,
arcteryx-hats-arcteryx-hat-003,,,,,,,,Size,XXL,500,shopify,100,250.00,,,
arcteryx-shoes-arcteryx-shoes-001,Arcteryx arcteryx-shoes-001,,Arcteryx,Shoes,"Arcteryx,Shoes,Unisex",TRUE,Size,XS,500,shopify,100,250.00,front.webp,1,Arcteryx arcteryx-shoes-001
arcteryx-shoes-arcteryx-shoes-001,,,,,,,,Size,S,500,shopify,100,250.00,,,
arcteryx-shoes-arcteryx-shoes-001,,,,,,,,Size,M,500,shopify,100,250.00,,,
arcteryx-shoes-arcteryx-shoes-001,,,,,,,,Size,L,500,shopify,100,250.00,,,
arcteryx-shoes-arcteryx-shoes-001,,,,,,,,Size,XL,500,shopify,100,250.00,,,
arcteryx-shoes-arcteryx-shoes-001,,,,,,,,Size,XXL,500,shopify,100,250.00,,,
arcteryx-shoes-arcteryx-shoes-001,,,,,,,,,,,,,back.webp,2,
arcteryx-tshirts-arcteryx-tshirt-001,Arcteryx arcteryx-tshirt-001,,Arcteryx,Tshirts,"Arcteryx,Tshirts,Unisex",TRUE,Size,XS,500,shopify,100,250.00,front.webp,1,Arcteryx arcteryx-tshirt-001
arcteryx-tshirts-arcteryx-tshirt-001,,,,,,,,Size,S,500,shopify,100,250.00,,,
arcteryx-tshirts-arcteryx-tshirt-001,,,,,,,,Size,M,500,shopify,100,250.00,,,
arcteryx-tshirts-arcteryx-tshirt-001,,,,,,,,Size,L,500,shopify,100,250.00,,,
arcteryx-tshirts-arcteryx-tshirt-001,,,,,,,,Size,XL,500,shopify,100,250.00,,,
arcteryx-tshirts-arcteryx-tshirt-001,,,,,,,,Size,XXL,500,shopify,100,250.00,,,
arcteryx-tshirts-arcteryx-tshirt-001,,,,,,,,,,,,,back.webp,2,
arcteryx-tshirts-arcteryx-tshirt-002,Arcteryx arcteryx-tshirt-002,,Arcteryx,Tshirts,"Arcteryx,Tshirts,Unisex",TRUE,Size,XS,500,shopify,100,250.00,front.webp,1,Arcteryx arcteryx-tshirt-002
arcteryx-tshirts-arcteryx-tshirt-002,,,,,,,,Size,S,500,shopify,100,250.00,,,
arcteryx-tshirts-arcteryx-tshirt-002,,,,,,,,Size,M,500,shopify,100,250.00,,,
arcteryx-tshirts-arcteryx-tshirt-002,,,,,,,,Size,L,500,shopify,100,250.00,,,
arcteryx-tshirts-arcteryx-tshirt-002,,,,,,,,Size,XL,500,shopify,100,250.00,,,
arcteryx-tshirts-arcteryx-tshirt-002,,,,,,,,Size,XXL,500,shopify,100,250.00,,,
arcteryx-tshirts-arcteryx-tshirt-002,,,,,,,,,,,,,back.webp,2,
arcteryx-tshirts-arcteryx-tshirt-003,Arcteryx arcteryx-tshirt-003,,Arcteryx,Tshirts,"Arcteryx,Tshirts,Unisex",TRUE,Size,XS,500,shopify,100,250.00,front.webp,1,Arcteryx arcteryx-tshirt-003
arcteryx-tshirts-arcteryx-tshirt-003,,,,,,,,Size,S,500,shopify,100,250.00,,,
arcteryx-tshirts-arcteryx-tshirt-003,,,,,,,,Size,M,500,shopify,100,250.00,,,
arcteryx-tshirts-arcteryx-tshirt-003,,,,,,,,Size,L,500,shopify,100,250.00,,,
arcteryx-tshirts-arcteryx-tshirt-003,,,,,,,,Size,XL,500,shopify,100,250.00,,,
arcteryx-tshirts-arcteryx-tshirt-003,,,,,,,,Size,XXL,500,shopify,100,250.00,,,
balenciaga-belts-balenciaga-belt-001,Balenciaga balenciaga-belt-001,,Balenciaga,Belts,"Balenciaga,Belts,Unisex",TRUE,Size,XS,500,shopify,100,250.00,front.webp,1,Balenciaga balenciaga-belt-001
balenciaga-belts-balenciaga-belt-001,,,,,,,,Size,S,500,shopify,100,250.00,,,
balenciaga-belts-balenciaga-belt-001,,,,,,,,Size,M,500,shopify,100,250.00,,,
balenciaga-belts-balenciaga-belt-001,,,,,,,,Size,L,500,shopify,100,250.00,,,
balenciaga-belts-balenciaga-belt-001,,,,,,,,Size,XL,500,shopify,100,250.00,,,
balenciaga-belts-balenciaga-belt-001,,,,,,,,Size,XXL,500,shopify,100,250.00,,,
balenciaga-belts-balenciaga-belt-001,,,,,,,,,,,,,back.webp,2,
balenciaga-belts-balenciaga-belt-002,Balenciaga balenciaga-belt-002,,Balenciaga,Belts,"Balenciaga,Belts,Unisex",TRUE,Size,XS,500,shopify,100,250.00,front.webp,1,Balenciaga balenciaga-belt-002
balenciaga-belts-balenciaga-belt-002,,,,,,,,Size,S,500,shopify,100,250.00,,,
balenciaga-belts-balenciaga-belt-002,,,,,,,,Size,M,500,shopify,100,250.00,,,
balenciaga-belts-balenciaga-belt-002,,,,,,,,Size,L,500,shopify,100,250.00,,,
balenciaga-belts-balenciaga-belt-002,,,,,,,,Size,XL,500,shopify,100,250.00,,,
balenciaga-belts-balenciaga-belt-002,,,,,,,,Size,XXL,500,shopify,100,250.00,,,
balenciaga-belts-balenciaga-belt-002,,,,,,,,,,,,,back.webp,2,
balenciaga-belts-balenciaga-belt-003,Balenciaga balenciaga-belt-003,,Balenciaga,Belts,"Balenciaga,Belts,Unisex",TRUE,Size,XS,500,shopify,100,250.00,front.webp,1,Balenciaga balenciaga-belt-003
balenciaga-belts-balenciaga-belt-003,,,,,,,,Size,S,500,shopify,100,250.00,,,
balenciaga-belts-balenciaga-belt-003,,,,,,,,Size,M,500,shopify,100,250.00,,,
balenciaga-belts-balenciaga-belt-003,,,,,,,,Size,L,500,shopify,100,250.00,,,
balenciaga-belts-balenciaga-belt-003,,,,,,,,Size,XL,500,shopify,100,250.00,,,
balenciaga-belts-balenciaga-belt-003,,,,,,,,Size,XXL,500,shopify,100,250.00,,,
balenciaga-belts-balenciaga-belt-003,,,,,,,,,,,,,back.webp,2,
balenciaga-hats-balenciaga-hat-001,Balenciaga balenciaga-hat-001,,Balenciaga,Hats,"Balenciaga,Hats,Unisex",TRUE,Size,XS,500,shopify,100,250.00,front.webp,1,Balenciaga balenciaga-hat-001
balenciaga-hats-balenciaga-hat-001,,,,,,,,Size,S,500,shopify,100,250.00,,,
balenciaga-hats-balenciaga-hat-001,,,,,,,,Size,M,500,shopify,100,250.00,,,
balenciaga-hats-balenciaga-hat-001,,,,,,,,Size,L,500,shopify,100,250.00,,,
balenciaga-hats-balenciaga-hat-001,,,,,,,,Size,XL,500,shopify,100,250.00,,,
balenciaga-hats-balenciaga-hat-001,,,,,,,,Size,XXL,500,shopify,100,250.00,,,
balenciaga-hats-balenciaga-hat-002,Balenciaga balenciaga-hat-002,,Balenciaga,Hats,"Balenciaga,Hats,Unisex",TRUE,Size,XS,500,shopify,100,250.00,front.webp,1,Balenciaga balenciaga-hat-002
balenciaga-hats-balenciaga-hat-002,,,,,,,,Size,S,500,shopify,100,250.00,,,
balenciaga-hats-balenciaga-hat-002,,,,,,,,Size,M,500,shopify,100,250.00,,,
balenciaga-hats-balenciaga-hat-002,,,,,,,,Size,L,500,shopify,100,250.00,,,
balenciaga-hats-balenciaga-hat-002,,,,,,,,Size,XL,500,shopify,100,250.00,,,
balenciaga-hats-balenciaga-hat-002,,,,,,,,Size,XXL,500,shopify,100,250.00,,,
balenciaga-hoodies-balenciaga-hoodies-001,Balenciaga balenciaga-hoodies-001,,Balenciaga,Hoodies,"Balenciaga,Hoodies,Unisex",TRUE,Size,XS,500,shopify,100,250.00,front.webp,1,Balenciaga balenciaga-hoodies-001
balenciaga-hoodies-balenciaga-hoodies-001,,,,,,,,Size,S,500,shopify,100,250.00,,,
balenciaga-hoodies-balenciaga-hoodies-001,,,,,,,,Size,M,500,shopify,100,250.00,,,
balenciaga-hoodies-balenciaga-hoodies-001,,,,,,,,Size,L,500,shopify,100,250.00,,,
balenciaga-hoodies-balenciaga-hoodies-001,,,,,,,,Size,XL,500,shopify,100,250.00,,,
balenciaga-hoodies-balenciaga-hoodies-001,,,,,,,,Size,XXL,500,shopify,100,250.00,,,
balenciaga-hoodies-balenciaga-hoodies-001,,,,,,,,,,,,,back.webp,2,
balenciaga-hoodies-balenciaga-hoodies-002,Balenciaga balenciaga-hoodies-002,,Balenciaga,Hoodies,"Balenciaga,Hoodies,Unisex",TRUE,Size,XS,500,shopify,100,250.00,front.webp,1,Balenciaga balenciaga-hoodies-002
balenciaga-hoodies-balenciaga-hoodies-002,,,,,,,,Size,S,500,shopify,100,250.00,,,
balenciaga-hoodies-balenciaga-hoodies-002,,,,,,,,Size,M,500,shopify,100,250.00,,,
balenciaga-hoodies-balenciaga-hoodies-002,,,,,,,,Size,L,500,shopify,100,250.00,,,
balenciaga-hoodies-balenciaga-hoodies-002,,,,,,,,Size,XL,500,shopify,100,250.00,,,
balenciaga-hoodies-balenciaga-hoodies-002,,,,,,,,Size,XXL,500,shopify,100,250.00,,,
balenciaga-hoodies-balenciaga-hoodies-002,,,,,,,,,,,,,back.webp,2,
balenciaga-hoodies-balenciaga-hoodies-003,Balenciaga balenciaga-hoodies-003,,Balenciaga,Hoodies,"Balenciaga,Hoodies,Unisex",TRUE,Size,XS,500,shopify,100,250.00,front.webp,1,Balenciaga balenciaga-hoodies-003
balenciaga-hoodies-balenciaga-hoodies-003,,,,,,,,Size,S,500,shopify,100,250.00,,,
balenciaga-hoodies-balenciaga-hoodies-003,,,,,,,,Size,M,500,shopify,100,250.00,,,
balenciaga-hoodies-balenciaga-hoodies-003,,,,,,,,Size,L,500,shopify,100,250.00,,,
balenciaga-hoodies-balenciaga-hoodies-003,,,,,,,,Size,XL,500,shopify,100,250.00,,,
balenciaga-hoodies-balenciaga-hoodies-003,,,,,,,,Size,XXL,500,shopify,100,250.00,,,
balenciaga-hoodies-balenciaga-hoodies-003,,,,,,,,,,,,,back.webp,2,
balenciaga-jackets-balenciaga-jacket-001,Balenciaga balenciaga-jacket-001,,Balenciaga,Jackets,"Balenciaga,Jackets,Unisex",TRUE,Size,XS,500,shopify,100,250.00,front.webp,1,Balenciaga balenciaga-jacket-001
balenciaga-jackets-balenciaga-jacket-001,,,,,,,,Size,S,500,shopify,100,250.00,,,
balenciaga-jackets-balenciaga-jacket-001,,,,,,,,Size,M,500,shopify,100,250.00,,,
balenciaga-jackets-balenciaga-jacket-001,,,,,,,,Size,L,500,shopify,100,250.00,,,
balenciaga-jackets-balenciaga-jacket-001,,,,,,,,Size,XL,500,shopify,100,250.00,,,
balenciaga-jackets-balenciaga-jacket-001,,,,,,,,Size,XXL,500,shopify,100,250.00,,,
balenciaga-jackets-balenciaga-jacket-001,,,,,,,,,,,,,back.webp,2,
balenciaga-shoes-balenciaga-shoes-001,Balenciaga balenciaga-shoes-001,,Balenciaga,Shoes,"Balenciaga,Shoes,Unisex",TRUE,Size,XS,500,shopify,100,250.00,front.webp,1,Balenciaga balenciaga-shoes-001
balenciaga-shoes-balenciaga-shoes-001,,,,,,,,Size,S,500,shopify,100,250.00,,,
balenciaga-shoes-balenciaga-shoes-001,,,,,,,,Size,M,500,shopify,100,250.00,,,
balenciaga-shoes-balenciaga-shoes-001,,,,,,,,Size,L,500,shopify,100,250.00,,,
balenciaga-shoes-balenciaga-shoes-001,,,,,,,,Size,XL,500,shopify,100,250.00,,,
balenciaga-shoes-balenciaga-shoes-001,,,,,,,,Size,XXL,500,shopify,100,250.00,,,
balenciaga-shoes-balenciaga-shoes-001,,,,,,,,,,,,,back.webp,2,
balenciaga-shoes-balenciaga-shoes-001,,,,,,,,,,,,,detail1.webp,3,
balenciaga-shoes-balenciaga-shoes-001,,,,,,,,,,,,,detail2.webp,4,
balenciaga-shoes-balenciaga-shoes-002,Balenciaga balenciaga-shoes-002,,Balenciaga,Shoes,"Balenciaga,Shoes,Unisex",TRUE,Size,XS,500,shopify,100,250.00,front.webp,1,Balenciaga balenciaga-shoes-002
balenciaga-shoes-balenciaga-shoes-002,,,,,,,,Size,S,500,shopify,100,250.00,,,
balenciaga-shoes-balenciaga-shoes-002,,,,,,,,Size,M,500,shopify,100,250.00,,,
balenciaga-shoes-balenciaga-shoes-002,,,,,,,,Size,L,500,shopify,100,250.00,,,
balenciaga-shoes-balenciaga-shoes-002,,,,,,,,Size,XL,500,shopify,100,250.00,,,
balenciaga-shoes-balenciaga-shoes-002,,,,,,,,Size,XXL,500,shopify,100,250.00,,,
balenciaga-shoes-balenciaga-shoes-002,,,,,,,,,,,,,back.webp,2,
balenciaga-shoes-balenciaga-shoes-002,,,,,,,,,,,,,detail1.webp,3,
balenciaga-shoes-balenciaga-shoes-002,,,,,,,,,,,,,detail2.webp,4,
balenciaga-shorts-balenciaga-shorts-001,Balenciaga balenciaga-shorts-001,,Balenciaga,Shorts,"Balenciaga,Shorts,Unisex",TRUE,Size,XS,500,shopify,100,250.00,front.webp,1,Balenciaga balenciaga-shorts-001
balenciaga-shorts-balenciaga-shorts-001,,,,,,,,Size,S,500,shopify,100,250.00,,,
balenciaga-shorts-balenciaga-shorts-001,,,,,,,,Size,M,500,shopify,100,250.00,,,
balenciaga-shorts-balenciaga-shorts-001,,,,,,,,Size,L,500,shopify,100,250.00,,,
balenciaga-shorts-balenciaga-shorts-001,,,,,,,,Size,XL,500,shopify,100,250.00,,,
balenciaga-shorts-balenciaga-shorts-001,,,,,,,,Size,XXL,500,shopify,100,250.00,,,
balenciaga-shorts-balenciaga-shorts-001,,,,,,,,,,,,,back.webp,2,
balenciaga-shorts-balenciaga-shorts-002,Balenciaga balenciaga-shorts-002,,Balenciaga,Shorts,"Balenciaga,Shorts,Unisex",TRUE,Size,XS,500,shopify,100,250.00,front.webp,1,Balenciaga balenciaga-shorts-002
balenciaga-shorts-balenciaga-shorts-002,,,,,,,,Size,S,500,shopify,100,250.00,,,
balenciaga-shorts-balenciaga-shorts-002,,,,,,,,Size,M,500,shopify,100,250.00,,,
balenciaga-shorts-balenciaga-shorts-002,,,,,,,,Size,L,500,shopify,100,250.00,,,
balenciaga-shorts-balenciaga-shorts-002,,,,,,,,Size,XL,500,shopify,100,250.00,,,
balenciaga-shorts-balenciaga-shorts-002,,,,,,,,Size,XXL,500,shopify,100,250.00,,,
balenciaga-shorts-balenciaga-shorts-002,,,,,,,,,,,,,back.webp,2,
balenciaga-shorts-balenciaga-shorts-003,Balenciaga balenciaga-shorts-003,,Balenciaga,Shorts,"Balenciaga,Shorts,Unisex",TRUE,Size,XS,500,shopify,100,250.00,front.webp,1,Balenciaga balenciaga-shorts-003
balenciaga-shorts-balenciaga-shorts-003,,,,,,,,Size,S,500,shopify,100,250.00,,,
balenciaga-shorts-balenciaga-shorts-003,,,,,,,,Size,M,500,shopify,100,250.00,,,
balenciaga-shorts-balenciaga-shorts-003,,,,,,,,Size,L,500,shopify,100,250.00,,,
balenciaga-shorts-balenciaga-shorts-003,,,,,,,,Size,XL,500,shopify,100,250.00,,,
balenciaga-shorts-balenciaga-shorts-003,,,,,,,,Size,XXL,500,shopify,100,250.00,,,
balenciaga-shorts-balenciaga-shorts-003,,,,,,,,,,,,,back.webp,2,
balenciaga-sweaters-balenciaga-sweater-001,Balenciaga balenciaga-sweater-001,,Balenciaga,Sweaters,"Balenciaga,Sweaters,Unisex",TRUE,Size,XS,500,shopify,100,250.00,front.webp,1,Balenciaga balenciaga-sweater-001
balenciaga-sweaters-balenciaga-sweater-001,,,,,,,,Size,S,500,shopify,100,250.00,,,
balenciaga-sweaters-balenciaga-sweater-001,,,,,,,,Size,M,500,shopify,100,250.00,,,
balenciaga-sweaters-balenciaga-sweater-001,,,,,,,,Size,L,500,shopify,100,250.00,,,
balenciaga-sweaters-balenciaga-sweater-001,,,,,,,,Size,XL,500,shopify,100,250.00,,,
balenciaga-sweaters-balenciaga-sweater-001,,,,,,,,Size,XXL,500,shopify,100,250.00,,,
balenciaga-sweaters-balenciaga-sweater-001,,,,,,,,,,,,,back.webp,2,
balenciaga-sweatshirts-balenciaga-sweatshirt-001,Balenciaga balenciaga-sweatshirt-001,,Balenciaga,Sweatshirts,"Balenciaga,Sweatshirts,Unisex",TRUE,Size,XS,500,shopify,100,250.00,front.webp,1,Balenciaga balenciaga-sweatshirt-001
balenciaga-sweatshirts-balenciaga-sweatshirt-001,,,,,,,,Size,S,500,shopify,100,250.00,,,
balenciaga-sweatshirts-balenciaga-sweatshirt-001,,,,,,,,Size,M,500,shopify,100,250.00,,,
balenciaga-sweatshirts-balenciaga-sweatshirt-001,,,,,,,,Size,L,500,shopify,100,250.00,,,
balenciaga-sweatshirts-balenciaga-sweatshirt-001,,,,,,,,Size,XL,500,shopify,100,250.00,,,
balenciaga-sweatshirts-balenciaga-sweatshirt-001,,,,,,,,Size,XXL,500,shopify,100,250.00,,,
balenciaga-sweatshirts-balenciaga-sweatshirt-001,,,,,,,,,,,,,back.webp,2,
balenciaga-sweatshirts-balenciaga-sweatshirt-002,Balenciaga balenciaga-sweatshirt-002,,Balenciaga,Sweatshirts,"Balenciaga,Sweatshirts,Unisex",TRUE,Size,XS,500,shopify,100,250.00,front.webp,1,Balenciaga balenciaga-sweatshirt-002
balenciaga-sweatshirts-balenciaga-sweatshirt-002,,,,,,,,Size,S,500,shopify,100,250.00,,,
balenciaga-sweatshirts-balenciaga-sweatshirt-002,,,,,,,,Size,M,500,shopify,100,250.00,,,
balenciaga-sweatshirts-balenciaga-sweatshirt-002,,,,,,,,Size,L,500,shopify,100,250.00,,,
balenciaga-sweatshirts-balenciaga-sweatshirt-002,,,,,,,,Size,XL,500,shopify,100,250.00,,,
balenciaga-sweatshirts-balenciaga-sweatshirt-002,,,,,,,,Size,XXL,500,shopify,100,250.00,,,
balenciaga-sweatshirts-balenciaga-sweatshirt-002,,,,,,,,,,,,,back.webp,2,
balenciaga-tshirts-balenciaga-tshirt-001,Balenciaga balenciaga-tshirt-001,,Balenciaga,Tshirts,"Balenciaga,Tshirts,Unisex",TRUE,Size,XS,500,shopify,100,250.00,front.webp,1,Balenciaga balenciaga-tshirt-001
balenciaga-tshirts-balenciaga-tshirt-001,,,,,,,,Size,S,500,shopify,100,250.00,,,
balenciaga-tshirts-balenciaga-tshirt-001,,,,,,,,Size,M,500,shopify,100,250.00,,,
balenciaga-tshirts-balenciaga-tshirt-001,,,,,,,,Size,L,500,shopify,100,250.00,,,
balenciaga-tshirts-balenciaga-tshirt-001,,,,,,,,Size,XL,500,shopify,100,250.00,,,
balenciaga-tshirts-balenciaga-tshirt-001,,,,,,,,Size,XXL,500,shopify,100,250.00,,,
balenciaga-tshirts-balenciaga-tshirt-001,,,,,,,,,,,,,back.webp,2,
balenciaga-tshirts-balenciaga-tshirt-002,Balenciaga balenciaga-tshirt-002,,Balenciaga,Tshirts,"Balenciaga,Tshirts,Unisex",TRUE,Size,XS,500,shopify,100,250.00,front.webp,1,Balenciaga balenciaga-tshirt-002
balenciaga-tshirts-balenciaga-tshirt-002,,,,,,,,Size,S,500,shopify,100,250.00,,,
balenciaga-tshirts-balenciaga-tshirt-002,,,,,,,,Size,M,500,shopify,100,250.00,,,
balenciaga-tshirts-balenciaga-tshirt-002,,,,,,,,Size,L,500,shopify,100,250.00,,,
balenciaga-tshirts-balenciaga-tshirt-002,,,,,,,,Size,XL,500,shopify,100,250.00,,,
balenciaga-tshirts-balenciaga-tshirt-002,,,,,,,,Size,XXL,500,shopify,100,250.00,,,
balenciaga-tshirts-balenciaga-tshirt-002,,,,,,,,,,,,,back.webp,2,
balenciaga-tshirts-balenciaga-tshirt-003,Balenciaga balenciaga-tshirt-003,,Balenciaga,Tshirts,"Balenciaga,Tshirts,Unisex",TRUE,Size,XS,500,shopify,100,250.00,back.webp,1,Balenciaga balenciaga-tshirt-003
balenciaga-tshirts-balenciaga-tshirt-003,,,,,,,,Size,S,500,shopify,100,250.00,,,
balenciaga-tshirts-balenciaga-tshirt-003,,,,,,,,Size,M,500,shopify,100,250.00,,,
balenciaga-tshirts-balenciaga-tshirt-003,,,,,,,,Size,L,500,shopify,100,250.00,,,
balenciaga-tshirts-balenciaga-tshirt-003,,,,,,,,Size,XL,500,shopify,100,250.00,,,
balenciaga-tshirts-balenciaga-tshirt-003,,,,,,,,Size,XXL,500,shopify,100,250.00,,,
bape-hoodies-bape-hoodies-001,Bape bape-hoodies-001,,Bape,Hoodies,"Bape,Hoodies,Unisex",TRUE,Size,XS,500,shopify,100,250.00,front.webp,1,Bape bape-hoodies-001
bape-hoodies-bape-hoodies-001,,,,,,,,Size,S,500,shopify,100,250.00,,,
bape-hoodies-bape-hoodies-001,,,,,,,,Size,M,500,shopify,100,250.00,,,
bape-hoodies-bape-hoodies-001,,,,,,,,Size,L,500,shopify,100,250.00,,,
bape-hoodies-bape-hoodies-001,,,,,,,,Size,XL,500,shopify,100,250.00,,,
bape-hoodies-bape-hoodies-001,,,,,,,,Size,XXL,500,shopify,100,250.00,,,
bape-hoodies-bape-hoodies-001,,,,,,,,,,,,,back.webp,2,
bape-hoodies-bape-hoodies-002,Bape bape-hoodies-002,,Bape,Hoodies,"Bape,Hoodies,Unisex",TRUE,Size,XS,500,shopify,100,250.00,front.webp,1,Bape bape-hoodies-002
bape-hoodies-bape-hoodies-002,,,,,,,,Size,S,500,shopify,100,250.00,,,
bape-hoodies-bape-hoodies-002,,,,,,,,Size,M,500,shopify,100,250.00,,,
bape-hoodies-bape-hoodies-002,,,,,,,,Size,L,500,shopify,100,250.00,,,
bape-hoodies-bape-hoodies-002,,,,,,,,Size,XL,500,shopify,100,250.00,,,
bape-hoodies-bape-hoodies-002,,,,,,,,Size,XXL,500,shopify,100,250.00,,,
bape-hoodies-bape-hoodies-002,,,,,,,,,,,,,back.webp,2,
bape-hoodies-bape-hoodies-003,Bape bape-hoodies-003,,Bape,Hoodies,"Bape,Hoodies,Unisex",TRUE,Size,XS,500,shopify,100,250.00,front.webp,1,Bape bape-hoodies-003
bape-hoodies-bape-hoodies-003,,,,,,,,Size,S,500,shopify,100,250.00,,,
bape-hoodies-bape-hoodies-003,,,,,,,,Size,M,500,shopify,100,250.00,,,
bape-hoodies-bape-hoodies-003,,,,,,,,Size,L,500,shopify,100,250.00,,,
bape-hoodies-bape-hoodies-003,,,,,,,,Size,XL,500,shopify,100,250.00,,,
bape-hoodies-bape-hoodies-003,,,,,,,,Size,XXL,500,shopify,100,250.00,,,
bape-hoodies-bape-hoodies-003,,,,,,,,,,,,,back.webp,2,
burberry-belts-burberry-belt-001,Burberry burberry-belt-001,,Burberry,Belts,"Burberry,Belts,Unisex",TRUE,Size,XS,500,shopify,100,250.00,front.webp,1,Burberry burberry-belt-001
burberry-belts-burberry-belt-001,,,,,,,,Size,S,500,shopify,100,250.00,,,
burberry-belts-burberry-belt-001,,,,,,,,Size,M,500,shopify,100,250.00,,,
burberry-belts-burberry-belt-001,,,,,,,,Size,L,500,shopify,100,250.00,,,
burberry-belts-burberry-belt-001,,,,,,,,Size,XL,500,shopify,100,250.00,,,
burberry-belts-burberry-belt-001,,,,,,,,Size,XXL,500,shopify,100,250.00,,,
burberry-belts-burberry-belt-002,Burberry burberry-belt-002,,Burberry,Belts,"Burberry,Belts,Unisex",TRUE,Size,XS,500,shopify,100,250.00,front.webp,1,Burberry burberry-belt-002
burberry-belts-burberry-belt-002,,,,,,,,Size,S,500,shopify,100,250.00,,,
burberry-belts-burberry-belt-002,,,,,,,,Size,M,500,shopify,100,250.00,,,
burberry-belts-burberry-belt-002,,,,,,,,Size,L,500,shopify,100,250.00,,,
burberry-belts-burberry-belt-002,,,,,,,,Size,XL,500,shopify,100,250.00,,,
burberry-belts-burberry-belt-002,,,,,,,,Size,XXL,500,shopify,100,250.00,,,
burberry-belts-burberry-belt-003,Burberry burberry-belt-003,,Burberry,Belts,"Burberry,Belts,Unisex",TRUE,Size,XS,500,shopify,100,250.00,front.webp,1,Burberry burberry-belt-003
burberry-belts-burberry-belt-003,,,,,,,,Size,S,500,shopify,100,250.00,,,
burberry-belts-burberry-belt-003,,,,,,,,Size,M,500,shopify,100,250.00,,,
burberry-belts-burberry-belt-003,,,,,,,,Size,L,500,shopify,100,250.00,,,
burberry-belts-burberry-belt-003,,,,,,,,Size,XL,500,shopify,100,250.00,,,
burberry-belts-burberry-belt-003,,,,,,,,Size,XXL,500,shopify,100,250.00,,,
burberry-boxers-burberry-boxer-001,Burberry burberry-boxer-001,,Burberry,Boxers,"Burberry,Boxers,Unisex",TRUE,Size,XS,500,shopify,100,250.00,front.webp,1,Burberry burberry-boxer-001
burberry-boxers-burberry-boxer-001,,,,,,,,Size,S,500,shopify,100,250.00,,,
burberry-boxers-burberry-boxer-001,,,,,,,,Size,M,500,shopify,100,250.00,,,
burberry-boxers-burberry-boxer-001,,,,,,,,Size,L,500,shopify,100,250.00,,,
burberry-boxers-burberry-boxer-001,,,,,,,,Size,XL,500,shopify,100,250.00,,,
burberry-boxers-burberry-boxer-001,,,,,,,,Size,XXL,500,shopify,100,250.00,,,
burberry-boxers-burberry-boxer-002,Burberry burberry-boxer-002,,Burberry,Boxers,"Burberry,Boxers,Unisex",TRUE,Size,XS,500,shopify,100,250.00,front.webp,1,Burberry burberry-boxer-002
burberry-boxers-burberry-boxer-002,,,,,,,,Size,S,500,shopify,100,250.00,,,
burberry-boxers-burberry-boxer-002,,,,,,,,Size,M,500,shopify,100,250.00,,,
burberry-boxers-burberry-boxer-002,,,,,,,,Size,L,500,shopify,100,250.00,,,
burberry-boxers-burberry-boxer-002,,,,,,,,Size,XL,500,shopify,100,250.00,,,
burberry-boxers-burberry-boxer-002,,,,,,,,Size,XXL,500,shopify,100,250.00,,,
burberry-boxers-burberry-boxer-003,Burberry burberry-boxer-003,,Burberry,Boxers,"Burberry,Boxers,Unisex",TRUE,Size,XS,500,shopify,100,250.00,front.webp,1,Burberry burberry-boxer-003
burberry-boxers-burberry-boxer-003,,,,,,,,Size,S,500,shopify,100,250.00,,,
burberry-boxers-burberry-boxer-003,,,,,,,,Size,M,500,shopify,100,250.00,,,
burberry-boxers-burberry-boxer-003,,,,,,,,Size,L,500,shopify,100,250.00,,,
burberry-boxers-burberry-boxer-003,,,,,,,,Size,XL,500,shopify,100,250.00,,,
burberry-boxers-burberry-boxer-003,,,,,,,,Size,XXL,500,shopify,100,250.00,,,
burberry-caps-burberry-caps-001,Burberry burberry-caps-001,,Burberry,Caps,"Burberry,Caps,Unisex",TRUE,Size,XS,500,shopify,100,250.00,front.webp,1,Burberry burberry-caps-001
burberry-caps-burberry-caps-001,,,,,,,,Size,S,500,shopify,100,250.00,,,
burberry-caps-burberry-caps-001,,,,,,,,Size,M,500,shopify,100,250.00,,,
burberry-caps-burberry-caps-001,,,,,,,,Size,L,500,shopify,100,250.00,,,
burberry-caps-burberry-caps-001,,,,,,,,Size,XL,500,shopify,100,250.00,,,
burberry-caps-burberry-caps-001,,,,,,,,Size,XXL,500,shopify,100,250.00,,,
burberry-caps-burberry-caps-001,,,,,,,,,,,,,back.webp,2,
burberry-caps-burberry-caps-001,,,,,,,,,,,,,detail1.webp,3,
burberry-hats-burberry-hats-001,Burberry burberry-hats-001,,Burberry,Hats,"Burberry,Hats,Unisex",TRUE,Size,XS,500,shopify,100,250.00,front.webp,1,Burberry burberry-hats-001
burberry-hats-burberry-hats-001,,,,,,,,Size,S,500,shopify,100,250.00,,,
burberry-hats-burberry-hats-001,,,,,,,,Size,M,500,shopify,100,250.00,,,
burberry-hats-burberry-hats-001,,,,,,,,Size,L,500,shopify,100,250.00,,,
burberry-hats-burberry-hats-001,,,,,,,,Size,XL,500,shopify,100,250.00,,,
burberry-hats-burberry-hats-001,,,,,,,,Size,XXL,500,shopify,100,250.00,,,
burberry-hats-burberry-hats-001,,,,,,,,,,,,,back.webp,2,
burberry-hoodies-burberry-hoodies-001,Burberry burberry-hoodies-001,,Burberry,Hoodies,"Burberry,Hoodies,Unisex",TRUE,Size,XS,500,shopify,100,250.00,front.webp,1,Burberry burberry-hoodies-001
burberry-hoodies-burberry-hoodies-001,,,,,,,,Size,S,500,shopify,100,250.00,,,
burberry-hoodies-burberry-hoodies-001,,,,,,,,Size,M,500,shopify,100,250.00,,,
burberry-hoodies-burberry-hoodies-001,,,,,,,,Size,L,500,shopify,100,250.00,,,
burberry-hoodies-burberry-hoodies-001,,,,,,,,Size,XL,500,shopify,100,250.00,,,
burberry-hoodies-burberry-hoodies-001,,,,,,,,Size,XXL,500,shopify,100,250.00,,,
burberry-hoodies-burberry-hoodies-001,,,,,,,,,,,,,back.webp,2,
burberry-hoodies-burberry-hoodies-002,Burberry burberry-hoodies-002,,Burberry,Hoodies,"Burberry,Hoodies,Unisex",TRUE,Size,XS,500,shopify,100,250.00,front.webp,1,Burberry burberry-hoodies-002
burberry-hoodies-burberry-hoodies-002,,,,,,,,Size,S,500,shopify,100,250.00,,,
burberry-hoodies-burberry-hoodies-002,,,,,,,,Size,M,500,shopify,100,250.00,,,
burberry-hoodies-burberry-hoodies-002,,,,,,,,Size,L,500,shopify,100,250.00,,,
burberry-hoodies-burberry-hoodies-002,,,,,,,,Size,XL,500,shopify,100,250.00,,,
burberry-hoodies-burberry-hoodies-002,,,,,,,,Size,XXL,500,shopify,100,250.00,,,
burberry-hoodies-burberry-hoodies-002,,,,,,,,,,,,,back.webp,2,
burberry-hoodies-burberry-hoodies-003,Burberry burberry-hoodies-003,,Burberry,Hoodies,"Burberry,Hoodies,Unisex",TRUE,Size,XS,500,shopify,100,250.00,front.webp,1,Burberry burberry-hoodies-003
burberry-hoodies-burberry-hoodies-003,,,,,,,,Size,S,500,shopify,100,250.00,,,
burberry-hoodies-burberry-hoodies-003,,,,,,,,Size,M,500,shopify,100,250.00,,,
burberry-hoodies-burberry-hoodies-003,,,,,,,,Size,L,500,shopify,100,250.00,,,
burberry-hoodies-burberry-hoodies-003,,,,,,,,Size,XL,500,shopify,100,250.00,,,
burberry-hoodies-burberry-hoodies-003,,,,,,,,Size,XXL,500,shopify,100,250.00,,,
burberry-hoodies-burberry-hoodies-003,,,,,,,,,,,,,back.webp,2,
burberry-jackets-burberry-jacket-001,Burberry burberry-jacket-001,,Burberry,Jackets,"Burberry,Jackets,Unisex",TRUE,Size,XS,500,shopify,100,250.00,front.webp,1,Burberry burberry-jacket-001
burberry-jackets-burberry-jacket-001,,,,,,,,Size,S,500,shopify,100,250.00,,,
burberry-jackets-burberry-jacket-001,,,,,,,,Size,M,500,shopify,100,250.00,,,
burberry-jackets-burberry-jacket-001,,,,,,,,Size,L,500,shopify,100,250.00,,,
burberry-jackets-burberry-jacket-001,,,,,,,,Size,XL,500,shopify,100,250.00,,,
burberry-jackets-burberry-jacket-001,,,,,,,,Size,XXL,500,shopify,100,250.00,,,
burberry-jackets-burberry-jacket-001,,,,,,,,,,,,,back.webp,2,
burberry-jackets-burberry-jacket-002,Burberry burberry-jacket-002,,Burberry,Jackets,"Burberry,Jackets,Unisex",TRUE,Size,XS,500,shopify,100,250.00,front.webp,1,Burberry burberry-jacket-002
burberry-jackets-burberry-jacket-002,,,,,,,,Size,S,500,shopify,100,250.00,,,
burberry-jackets-burberry-jacket-002,,,,,,,,Size,M,500,shopify,100,250.00,,,
burberry-jackets-burberry-jacket-002,,,,,,,,Size,L,500,shopify,100,250.00,,,
burberry-jackets-burberry-jacket-002,,,,,,,,Size,XL,500,shopify,100,250.00,,,
burberry-jackets-burberry-jacket-002,,,,,,,,Size,XXL,500,shopify,100,250.00,,,
burberry-jackets-burberry-jacket-002,,,,,,,,,,,,,back.webp,2,
burberry-jackets-burberry-jacket-003,Burberry burberry-jacket-003,,Burberry,Jackets,"Burberry,Jackets,Unisex",TRUE,Size,XS,500,shopify,100,250.00,front.webp,1,Burberry burberry-jacket-003
burberry-jackets-burberry-jacket-003,,,,,,,,Size,S,500,shopify,100,250.00,,,
burberry-jackets-burberry-jacket-003,,,,,,,,Size,M,500,shopify,100,250.00,,,
burberry-jackets-burberry-jacket-003,,,,,,,,Size,L,500,shopify,100,250.00,,,
burberry-jackets-burberry-jacket-003,,,,,,,,Size,XL,500,shopify,100,250.00,,,
burberry-jackets-burberry-jacket-003,,,,,,,,Size,XXL,500,shopify,100,250.00,,,
burberry-jackets-burberry-jacket-003,,,,,,,,,,,,,back.webp,2,
burberry-jackets-burberry-jacket-003,,,,,,,,,,,,,detail1.webp,3,
burberry-jackets-burberry-jacket-003,,,,,,,,,,,,,detail2.webp,4,
burberry-jeanss-burberry-jeans-001,Burberry burberry-jeans-001,,Burberry,Jeanss,"Burberry,Jeanss,Unisex",TRUE,Size,XS,500,shopify,100,250.00,front.webp,1,Burberry burberry-jeans-001
burberry-jeanss-burberry-jeans-001,,,,,,,,Size,S,500,shopify,100,250.00,,,
burberry-jeanss-burberry-jeans-001,,,,,,,,Size,M,500,shopify,100,250.00,,,
burberry-jeanss-burberry-jeans-001,,,,,,,,Size,L,500,shopify,100,250.00,,,
burberry-jeanss-burberry-jeans-001,,,,,,,,Size,XL,500,shopify,100,250.00,,,
burberry-jeanss-burberry-jeans-001,,,,,,,,Size,XXL,500,shopify,100,250.00,,,
burberry-jeanss-burberry-jeans-001,,,,,,,,,,,,,back.webp,2,
burberry-jeanss-burberry-jeans-002,Burberry burberry-jeans-002,,Burberry,Jeanss,"Burberry,Jeanss,Unisex",TRUE,Size,XS,500,shopify,100,250.00,front.webp,1,Burberry burberry-jeans-002
burberry-jeanss-burberry-jeans-002,,,,,,,,Size,S,500,shopify,100,250.00,,,
burberry-jeanss-burberry-jeans-002,,,,,,,,Size,M,500,shopify,100,250.00,,,
burberry-jeanss-burberry-jeans-002,,,,,,,,Size,L,500,shopify,100,250.00,,,
burberry-jeanss-burberry-jeans-002,,,,,,,,Size,XL,500,shopify,100,250.00,,,
burberry-jeanss-burberry-jeans-002,,,,,,,,Size,XXL,500,shopify,100,250.00,,,
burberry-jeanss-burberry-jeans-002,,,,,,,,,,,,,back.webp,2,
burberry-jeanss-burberry-jeans-003,Burberry burberry-jeans-003,,Burberry,Jeanss,"Burberry,Jeanss,Unisex",TRUE,Size,XS,500,shopify,100,250.00,front.webp,1,Burberry burberry-jeans-003
burberry-jeanss-burberry-jeans-003,,,,,,,,Size,S,500,shopify,100,250.00,,,
burberry-jeanss-burberry-jeans-003,,,,,,,,Size,M,500,shopify,100,250.00,,,
burberry-jeanss-burberry-jeans-003,,,,,,,,Size,L,500,shopify,100,250.00,,,
burberry-jeanss-burberry-jeans-003,,,,,,,,Size,XL,500,shopify,100,250.00,,,
burberry-jeanss-burberry-jeans-003,,,,,,,,Size,XXL,500,shopify,100,250.00,,,
burberry-jeanss-burberry-jeans-003,,,,,,,,,,,,,back.webp,2,
burberry-pants-burberry-pants-001,Burberry burberry-pants-001,,Burberry,Pants,"Burberry,Pants,Unisex",TRUE,Size,XS,500,shopify,100,250.00,front.webp,1,Burberry burberry-pants-001
burberry-pants-burberry-pants-001,,,,,,,,Size,S,500,shopify,100,250.00,,,
burberry-pants-burberry-pants-001,,,,,,,,Size,M,500,shopify,100,250.00,,,
burberry-pants-burberry-pants-001,,,,,,,,Size,L,500,shopify,100,250.00,,,
burberry-pants-burberry-pants-001,,,,,,,,Size,XL,500,shopify,100,250.00,,,
burberry-pants-burberry-pants-001,,,,,,,,Size,XXL,500,shopify,100,250.00,,,
burberry-pants-burberry-pants-001,,,,,,,,,,,,,back.webp,2,
burberry-pants-burberry-pants-002,Burberry burberry-pants-002,,Burberry,Pants,"Burberry,Pants,Unisex",TRUE,Size,XS,500,shopify,100,250.00,front.webp,1,Burberry burberry-pants-002
burberry-pants-burberry-pants-002,,,,,,,,Size,S,500,shopify,100,250.00,,,
burberry-pants-burberry-pants-002,,,,,,,,Size,M,500,shopify,100,250.00,,,
burberry-pants-burberry-pants-002,,,,,,,,Size,L,500,shopify,100,250.00,,,
burberry-pants-burberry-pants-002,,,,,,,,Size,XL,500,shopify,100,250.00,,,
burberry-pants-burberry-pants-002,,,,,,,,Size,XXL,500,shopify,100,250.00,,,
burberry-pants-burberry-pants-002,,,,,,,,,,,,,back.webp,2,
burberry-pants-burberry-pants-003,Burberry burberry-pants-003,,Burberry,Pants,"Burberry,Pants,Unisex",TRUE,Size,XS,500,shopify,100,250.00,front.webp,1,Burberry burberry-pants-003
burberry-pants-burberry-pants-003,,,,,,,,Size,S,500,shopify,100,250.00,,,
burberry-pants-burberry-pants-003,,,,,,,,Size,M,500,shopify,100,250.00,,,
burberry-pants-burberry-pants-003,,,,,,,,Size,L,500,shopify,100,250.00,,,
burberry-pants-burberry-pants-003,,,,,,,,Size,XL,500,shopify,100,250.00,,,
burberry-pants-burberry-pants-003,,,,,,,,Size,XXL,500,shopify,100,250.00,,,
burberry-pants-burberry-pants-003,,,,,,,,,,,,,back.webp,2,
burberry-polos-burberry-polo-001,Burberry burberry-polo-001,,Burberry,Polos,"Burberry,Polos,Unisex",TRUE,Size,XS,500,shopify,100,250.00,front.webp,1,Burberry burberry-polo-001
burberry-polos-burberry-polo-001,,,,,,,,Size,S,500,shopify,100,250.00,,,
burberry-polos-burberry-polo-001,,,,,,,,Size,M,500,shopify,100,250.00,,,
burberry-polos-burberry-polo-001,,,,,,,,Size,L,500,shopify,100,250.00,,,
burberry-polos-burberry-polo-001,,,,,,,,Size,XL,500,shopify,100,250.00,,,
burberry-polos-burberry-polo-001,,,,,,,,Size,XXL,500,shopify,100,250.00,,,
burberry-polos-burberry-polo-001,,,,,,,,,,,,,back.webp,2,
burberry-polos-burberry-polo-002,Burberry burberry-polo-002,,Burberry,Polos,"Burberry,Polos,Unisex",TRUE,Size,XS,500,shopify,100,250.00,front.webp,1,Burberry burberry-polo-002
burberry-polos-burberry-polo-002,,,,,,,,Size,S,500,shopify,100,250.00,,,
burberry-polos-burberry-polo-002,,,,,,,,Size,M,500,shopify,100,250.00,,,
burberry-polos-burberry-polo-002,,,,,,,,Size,L,500,shopify,100,250.00,,,
burberry-polos-burberry-polo-002,,,,,,,,Size,XL,500,shopify,100,250.00,,,
burberry-polos-burberry-polo-002,,,,,,,,Size,XXL,500,shopify,100,250.00,,,
burberry-polos-burberry-polo-002,,,,,,,,,,,,,back.webp,2,
burberry-polos-burberry-polo-003,Burberry burberry-polo-003,,Burberry,Polos,"Burberry,Polos,Unisex",TRUE,Size,XS,500,shopify,100,250.00,front.webp,1,Burberry burberry-polo-003
burberry-polos-burberry-polo-003,,,,,,,,Size,S,500,shopify,100,250.00,,,
burberry-polos-burberry-polo-003,,,,,,,,Size,M,500,shopify,100,250.00,,,
burberry-polos-burberry-polo-003,,,,,,,,Size,L,500,shopify,100,250.00,,,
burberry-polos-burberry-polo-003,,,,,,,,Size,XL,500,shopify,100,250.00,,,
burberry-polos-burberry-polo-003,,,,,,,,Size,XXL,500,shopify,100,250.00,,,
burberry-polos-burberry-polo-003,,,,,,,,,,,,,back.webp,2,
burberry-shirts-burberry-shirts-001,Burberry burberry-shirts-001,,Burberry,Shirts,"Burberry,Shirts,Unisex",TRUE,Size,XS,500,shopify,100,250.00,front.webp,1,Burberry burberry-shirts-001
burberry-shirts-burberry-shirts-001,,,,,,,,Size,S,500,shopify,100,250.00,,,
burberry-shirts-burberry-shirts-001,,,,,,,,Size,M,500,shopify,100,250.00,,,
burberry-shirts-burberry-shirts-001,,,,,,,,Size,L,500,shopify,100,250.00,,,
burberry-shirts-burberry-shirts-001,,,,,,,,Size,XL,500,shopify,100,250.00,,,
burberry-shirts-burberry-shirts-001,,,,,,,,Size,XXL,500,shopify,100,250.00,,,
burberry-shirts-burberry-shirts-002,Burberry burberry-shirts-002,,Burberry,Shirts,"Burberry,Shirts,Unisex",TRUE,Size,XS,500,shopify,100,250.00,front.webp,1,Burberry burberry-shirts-002
burberry-shirts-burberry-shirts-002,,,,,,,,Size,S,500,shopify,100,250.00,,,
burberry-shirts-burberry-shirts-002,,,,,,,,Size,M,500,shopify,100,250.00,,,
burberry-shirts-burberry-shirts-002,,,,,,,,Size,L,500,shopify,100,250.00,,,
burberry-shirts-burberry-shirts-002,,,,,,,,Size,XL,500,shopify,100,250.00,,,
burberry-shirts-burberry-shirts-002,,,,,,,,Size,XXL,500,shopify,100,250.00,,,
burberry-shirts-burberry-shirts-003,Burberry burberry-shirts-003,,Burberry,Shirts,"Burberry,Shirts,Unisex",TRUE,Size,XS,500,shopify,100,250.00,front.webp,1,Burberry burberry-shirts-003
burberry-shirts-burberry-shirts-003,,,,,,,,Size,S,500,shopify,100,250.00,,,
burberry-shirts-burberry-shirts-003,,,,,,,,Size,M,500,shopify,100,250.00,,,
burberry-shirts-burberry-shirts-003,,,,,,,,Size,L,500,shopify,100,250.00,,,
burberry-shirts-burberry-shirts-003,,,,,,,,Size,XL,500,shopify,100,250.00,,,
burberry-shirts-burberry-shirts-003,,,,,,,,Size,XXL,500,shopify,100,250.00,,,
burberry-shorts-burberry-shorts-001,Burberry burberry-shorts-001,,Burberry,Shorts,"Burberry,Shorts,Unisex",TRUE,Size,XS,500,shopify,100,250.00,front.webp,1,Burberry burberry-shorts-001
burberry-shorts-burberry-shorts-001,,,,,,,,Size,S,500,shopify,100,250.00,,,
burberry-shorts-burberry-shorts-001,,,,,,,,Size,M,500,shopify,100,250.00,,,
burberry-shorts-burberry-shorts-001,,,,,,,,Size,L,500,shopify,100,250.00,,,
burberry-shorts-burberry-shorts-001,,,,,,,,Size,XL,500,shopify,100,250.00,,,
burberry-shorts-burberry-shorts-001,,,,,,,,Size,XXL,500,shopify,100,250.00,,,
burberry-shorts-burberry-shorts-001,,,,,,,,,,,,,back.webp,2,
burberry-shorts-burberry-shorts-002,Burberry burberry-shorts-002,,Burberry,Shorts,"Burberry,Shorts,Unisex",TRUE,Size,XS,500,shopify,100,250.00,front.webp,1,Burberry burberry-shorts-002
burberry-shorts-burberry-shorts-002,,,,,,,,Size,S,500,shopify,100,250.00,,,
burberry-shorts-burberry-shorts-002,,,,,,,,Size,M,500,shopify,100,250.00,,,
burberry-shorts-burberry-shorts-002,,,,,,,,Size,L,500,shopify,100,250.00,,,
burberry-shorts-burberry-shorts-002,,,,,,,,Size,XL,500,shopify,100,250.00,,,
burberry-shorts-burberry-shorts-002,,,,,,,,Size,XXL,500,shopify,100,250.00,,,
burberry-shorts-burberry-shorts-002,,,,,,,,,,,,,back.webp,2,
burberry-shorts-burberry-shorts-003,Burberry burberry-shorts-003,,Burberry,Shorts,"Burberry,Shorts,Unisex",TRUE,Size,XS,500,shopify,100,250.00,front.webp,1,Burberry burberry-shorts-003
burberry-shorts-burberry-shorts-003,,,,,,,,Size,S,500,shopify,100,250.00,,,
burberry-shorts-burberry-shorts-003,,,,,,,,Size,M,500,shopify,100,250.00,,,
burberry-shorts-burberry-shorts-003,,,,,,,,Size,L,500,shopify,100,250.00,,,
burberry-shorts-burberry-shorts-003,,,,,,,,Size,XL,500,shopify,100,250.00,,,
burberry-shorts-burberry-shorts-003,,,,,,,,Size,XXL,500,shopify,100,250.00,,,
burberry-shorts-burberry-shorts-003,,,,,,,,,,,,,back.webp,2,
burberry-suits-burberry-suit-001,Burberry burberry-suit-001,,Burberry,Suits,"Burberry,Suits,Unisex",TRUE,Size,XS,500,shopify,100,250.00,front.webp,1,Burberry burberry-suit-001
burberry-suits-burberry-suit-001,,,,,,,,Size,S,500,shopify,100,250.00,,,
burberry-suits-burberry-suit-001,,,,,,,,Size,M,500,shopify,100,250.00,,,
burberry-suits-burberry-suit-001,,,,,,,,Size,L,500,shopify,100,250.00,,,
burberry-suits-burberry-suit-001,,,,,,,,Size,XL,500,shopify,100,250.00,,,
burberry-suits-burberry-suit-001,,,,,,,,Size,XXL,500,shopify,100,250.00,,,
burberry-suits-burberry-suit-001,,,,,,,,,,,,,back.webp,2,
burberry-sweaters-burberry-sweater-001,Burberry burberry-sweater-001,,Burberry,Sweaters,"Burberry,Sweaters,Unisex",TRUE,Size,XS,500,shopify,100,250.00,front.webp,1,Burberry burberry-sweater-001
burberry-sweaters-burberry-sweater-001,,,,,,,,Size,S,500,shopify,100,250.00,,,
burberry-sweaters-burberry-sweater-001,,,,,,,,Size,M,500,shopify,100,250.00,,,
burberry-sweaters-burberry-sweater-001,,,,,,,,Size,L,500,shopify,100,250.00,,,
burberry-sweaters-burberry-sweater-001,,,,,,,,Size,XL,500,shopify,100,250.00,,,
burberry-sweaters-burberry-sweater-001,,,,,,,,Size,XXL,500,shopify,100,250.00,,,
burberry-sweaters-burberry-sweater-001,,,,,,,,,,,,,back.webp,2,
burberry-sweaters-burberry-sweater-002,Burberry burberry-sweater-002,,Burberry,Sweaters,"Burberry,Sweaters,Unisex",TRUE,Size,XS,500,shopify,100,250.00,front.webp,1,Burberry burberry-sweater-002
burberry-sweaters-burberry-sweater-002,,,,,,,,Size,S,500,shopify,100,250.00,,,
burberry-sweaters-burberry-sweater-002,,,,,,,,Size,M,500,shopify,100,250.00,,,
burberry-sweaters-burberry-sweater-002,,,,,,,,Size,L,500,shopify,100,250.00,,,
burberry-sweaters-burberry-sweater-002,,,,,,,,Size,XL,500,shopify,100,250.00,,,
burberry-sweaters-burberry-sweater-002,,,,,,,,Size,XXL,500,shopify,100,250.00,,,
burberry-sweaters-burberry-sweater-002,,,,,,,,,,,,,back.webp,2,
burberry-sweaters-burberry-sweater-003,Burberry burberry-sweater-003,,Burberry,Sweaters,"Burberry,Sweaters,Unisex",TRUE,Size,XS,500,shopify,100,250.00,front.webp,1,Burberry burberry-sweater-003
burberry-sweaters-burberry-sweater-003,,,,,,,,Size,S,500,shopify,100,250.00,,,
burberry-sweaters-burberry-sweater-003,,,,,,,,Size,M,500,shopify,100,250.00,,,
burberry-sweaters-burberry-sweater-003,,,,,,,,Size,L,500,shopify,100,250.00,,,
burberry-sweaters-burberry-sweater-003,,,,,,,,Size,XL,500,shopify,100,250.00,,,
burberry-sweaters-burberry-sweater-003,,,,,,,,Size,XXL,500,shopify,100,250.00,,,
burberry-sweaters-burberry-sweater-003,,,,,,,,,,,,,back.webp,2,
burberry-sweatshirts-burberry-sweatshirt-001,Burberry burberry-sweatshirt-001,,Burberry,Sweatshirts,"Burberry,Sweatshirts,Unisex",TRUE,Size,XS,500,shopify,100,250.00,front.webp,1,Burberry burberry-sweatshirt-001
burberry-sweatshirts-burberry-sweatshirt-001,,,,,,,,Size,S,500,shopify,100,250.00,,,
burberry-sweatshirts-burberry-sweatshirt-001,,,,,,,,Size,M,500,shopify,100,250.00,,,
burberry-sweatshirts-burberry-sweatshirt-001,,,,,,,,Size,L,500,shopify,100,250.00,,,
burberry-sweatshirts-burberry-sweatshirt-001,,,,,,,,Size,XL,500,shopify,100,250.00,,,
burberry-sweatshirts-burberry-sweatshirt-001,,,,,,,,Size,XXL,500,shopify,100,250.00,,,
burberry-sweatshirts-burberry-sweatshirt-001,,,,,,,,,,,,,back.webp,2,
burberry-sweatshirts-burberry-sweatshirt-002,Burberry burberry-sweatshirt-002,,Burberry,Sweatshirts,"Burberry,Sweatshirts,Unisex",TRUE,Size,XS,500,shopify,100,250.00,front.webp,1,Burberry burberry-sweatshirt-002
burberry-sweatshirts-burberry-sweatshirt-002,,,,,,,,Size,S,500,shopify,100,250.00,,,
burberry-sweatshirts-burberry-sweatshirt-002,,,,,,,,Size,M,500,shopify,100,250.00,,,
burberry-sweatshirts-burberry-sweatshirt-002,,,,,,,,Size,L,500,shopify,100,250.00,,,
burberry-sweatshirts-burberry-sweatshirt-002,,,,,,,,Size,XL,500,shopify,100,250.00,,,
burberry-sweatshirts-burberry-sweatshirt-002,,,,,,,,Size,XXL,500,shopify,100,250.00,,,
burberry-sweatshirts-burberry-sweatshirt-003,Burberry burberry-sweatshirt-003,,Burberry,Sweatshirts,"Burberry,Sweatshirts,Unisex",TRUE,Size,XS,500,shopify,100,250.00,front.webp,1,Burberry burberry-sweatshirt-003
burberry-sweatshirts-burberry-sweatshirt-003,,,,,,,,Size,S,500,shopify,100,250.00,,,
burberry-sweatshirts-burberry-sweatshirt-003,,,,,,,,Size,M,500,shopify,100,250.00,,,
burberry-sweatshirts-burberry-sweatshirt-003,,,,,,,,Size,L,500,shopify,100,250.00,,,
burberry-sweatshirts-burberry-sweatshirt-003,,,,,,,,Size,XL,500,shopify,100,250.00,,,
burberry-sweatshirts-burberry-sweatshirt-003,,,,,,,,Size,XXL,500,shopify,100,250.00,,,
burberry-sweatshirts-burberry-sweatshirt-003,,,,,,,,,,,,,back.webp,2,
burberry-tshirts-burberry-tshirt-001,Burberry burberry-tshirt-001,,Burberry,Tshirts,"Burberry,Tshirts,Unisex",TRUE,Size,XS,500,shopify,100,250.00,front.webp,1,Burberry burberry-tshirt-001
burberry-tshirts-burberry-tshirt-001,,,,,,,,Size,S,500,shopify,100,250.00,,,
burberry-tshirts-burberry-tshirt-001,,,,,,,,Size,M,500,shopify,100,250.00,,,
burberry-tshirts-burberry-tshirt-001,,,,,,,,Size,L,500,shopify,100,250.00,,,
burberry-tshirts-burberry-tshirt-001,,,,,,,,Size,XL,500,shopify,100,250.00,,,
burberry-tshirts-burberry-tshirt-001,,,,,,,,Size,XXL,500,shopify,100,250.00,,,
burberry-tshirts-burberry-tshirt-001,,,,,,,,,,,,,back.webp,2,
burberry-tshirts-burberry-tshirt-002,Burberry burberry-tshirt-002,,Burberry,Tshirts,"Burberry,Tshirts,Unisex",TRUE,Size,XS,500,shopify,100,250.00,front.webp,1,Burberry burberry-tshirt-002
burberry-tshirts-burberry-tshirt-002,,,,,,,,Size,S,500,shopify,100,250.00,,,
burberry-tshirts-burberry-tshirt-002,,,,,,,,Size,M,500,shopify,100,250.00,,,
burberry-tshirts-burberry-tshirt-002,,,,,,,,Size,L,500,shopify,100,250.00,,,
burberry-tshirts-burberry-tshirt-002,,,,,,,,Size,XL,500,shopify,100,250.00,,,
burberry-tshirts-burberry-tshirt-002,,,,,,,,Size,XXL,500,shopify,100,250.00,,,
burberry-tshirts-burberry-tshirt-002,,,,,,,,,,,,,back.webp,2,
burberry-tshirts-burberry-tshirt-003,Burberry burberry-tshirt-003,,Burberry,Tshirts,"Burberry,Tshirts,Unisex",TRUE,Size,XS,500,shopify,100,250.00,front.webp,1,Burberry burberry-tshirt-003
burberry-tshirts-burberry-tshirt-003,,,,,,,,Size,S,500,shopify,100,250.00,,,
burberry-tshirts-burberry-tshirt-003,,,,,,,,Size,M,500,shopify,100,250.00,,,
burberry-tshirts-burberry-tshirt-003,,,,,,,,Size,L,500,shopify,100,250.00,,,
burberry-tshirts-burberry-tshirt-003,,,,,,,,Size,XL,500,shopify,100,250.00,,,
burberry-tshirts-burberry-tshirt-003,,,,,,,,Size,XXL,500,shopify,100,250.00,,,
burberry-tshirts-burberry-tshirt-003,,,,,,,,,,,,,back.webp,2,
calvinklein-suits-ck-suit-001,CalvinKlein ck-suit-001,,CalvinKlein,Suits,"CalvinKlein,Suits,Unisex",TRUE,Size,XS,500,shopify,100,250.00,front.webp,1,CalvinKlein ck-suit-001
calvinklein-suits-ck-suit-001,,,,,,,,Size,S,500,shopify,100,250.00,,,
calvinklein-suits-ck-suit-001,,,,,,,,Size,M,500,shopify,100,250.00,,,
calvinklein-suits-ck-suit-001,,,,,,,,Size,L,500,shopify,100,250.00,,,
calvinklein-suits-ck-suit-001,,,,,,,,Size,XL,500,shopify,100,250.00,,,
calvinklein-suits-ck-suit-001,,,,,,,,Size,XXL,500,shopify,100,250.00,,,
calvinklein-suits-ck-suit-002,CalvinKlein ck-suit-002,,CalvinKlein,Suits,"CalvinKlein,Suits,Unisex",TRUE,Size,XS,500,shopify,100,250.00,back.webp,1,CalvinKlein ck-suit-002
calvinklein-suits-ck-suit-002,,,,,,,,Size,S,500,shopify,100,250.00,,,
calvinklein-suits-ck-suit-002,,,,,,,,Size,M,500,shopify,100,250.00,,,
calvinklein-suits-ck-suit-002,,,,,,,,Size,L,500,shopify,100,250.00,,,
calvinklein-suits-ck-suit-002,,,,,,,,Size,XL,500,shopify,100,250.00,,,
calvinklein-suits-ck-suit-002,,,,,,,,Size,XXL,500,shopify,100,250.00,,,
calvinklein-tshirts-burberry-tshirt-001,CalvinKlein burberry-tshirt-001,,CalvinKlein,Tshirts,"CalvinKlein,Tshirts,Unisex",TRUE,Size,XS,500,shopify,100,250.00,front.webp,1,CalvinKlein burberry-tshirt-001
calvinklein-tshirts-burberry-tshirt-001,,,,,,,,Size,S,500,shopify,100,250.00,,,
calvinklein-tshirts-burberry-tshirt-001,,,,,,,,Size,M,500,shopify,100,250.00,,,
calvinklein-tshirts-burberry-tshirt-001,,,,,,,,Size,L,500,shopify,100,250.00,,,
calvinklein-tshirts-burberry-tshirt-001,,,,,,,,Size,XL,500,shopify,100,250.00,,,
calvinklein-tshirts-burberry-tshirt-001,,,,,,,,Size,XXL,500,shopify,100,250.00,,,
calvinklein-tshirts-burberry-tshirt-002,CalvinKlein burberry-tshirt-002,,CalvinKlein,Tshirts,"CalvinKlein,Tshirts,Unisex",TRUE,Size,XS,500,shopify,100,250.00,front.webp,1,CalvinKlein burberry-tshirt-002
calvinklein-tshirts-burberry-tshirt-002,,,,,,,,Size,S,500,shopify,100,250.00,,,
calvinklein-tshirts-burberry-tshirt-002,,,,,,,,Size,M,500,shopify,100,250.00,,,
calvinklein-tshirts-burberry-tshirt-002,,,,,,,,Size,L,500,shopify,100,250.00,,,
calvinklein-tshirts-burberry-tshirt-002,,,,,,,,Size,XL,500,shopify,100,250.00,,,
calvinklein-tshirts-burberry-tshirt-002,,,,,,,,Size,XXL,500,shopify,100,250.00,,,
calvinklein-tshirts-burberry-tshirt-003,CalvinKlein burberry-tshirt-003,,CalvinKlein,Tshirts,"CalvinKlein,Tshirts,Unisex",TRUE,Size,XS,500,shopify,100,250.00,front.webp,1,CalvinKlein burberry-tshirt-003
calvinklein-tshirts-burberry-tshirt-003,,,,,,,,Size,S,500,shopify,100,250.00,,,
calvinklein-tshirts-burberry-tshirt-003,,,,,,,,Size,M,500,shopify,100,250.00,,,
calvinklein-tshirts-burberry-tshirt-003,,,,,,,,Size,L,500,shopify,100,250.00,,,
calvinklein-tshirts-burberry-tshirt-003,,,,,,,,Size,XL,500,shopify,100,250.00,,,
calvinklein-tshirts-burberry-tshirt-003,,,,,,,,Size,XXL,500,shopify,100,250.00,,,
casablanca-hoodies-casab-hoodies-001,CasaBlanca casab-hoodies-001,,CasaBlanca,Hoodies,"CasaBlanca,Hoodies,Unisex",TRUE,Size,XS,500,shopify,100,250.00,front.webp,1,CasaBlanca casab-hoodies-001
casablanca-hoodies-casab-hoodies-001,,,,,,,,Size,S,500,shopify,100,250.00,,,
casablanca-hoodies-casab-hoodies-001,,,,,,,,Size,M,500,shopify,100,250.00,,,
casablanca-hoodies-casab-hoodies-001,,,,,,,,Size,L,500,shopify,100,250.00,,,
casablanca-hoodies-casab-hoodies-001,,,,,,,,Size,XL,500,shopify,100,250.00,,,
casablanca-hoodies-casab-hoodies-001,,,,,,,,Size,XXL,500,shopify,100,250.00,,,
casablanca-hoodies-casab-hoodies-001,,,,,,,,,,,,,back.webp,2,
casablanca-hoodies-casab-hoodies-002,CasaBlanca casab-hoodies-002,,CasaBlanca,Hoodies,"CasaBlanca,Hoodies,Unisex",TRUE,Size,XS,500,shopify,100,250.00,front.webp,1,CasaBlanca casab-hoodies-002
casablanca-hoodies-casab-hoodies-002,,,,,,,,Size,S,500,shopify,100,250.00,,,
casablanca-hoodies-casab-hoodies-002,,,,,,,,Size,M,500,shopify,100,250.00,,,
casablanca-hoodies-casab-hoodies-002,,,,,,,,Size,L,500,shopify,100,250.00,,,
casablanca-hoodies-casab-hoodies-002,,,,,,,,Size,XL,500,shopify,100,250.00,,,
casablanca-hoodies-casab-hoodies-002,,,,,,,,Size,XXL,500,shopify,100,250.00,,,
casablanca-hoodies-casab-hoodies-002,,,,,,,,,,,,,back.webp,2,
casablanca-hoodies-casab-hoodies-003,CasaBlanca casab-hoodies-003,,CasaBlanca,Hoodies,"CasaBlanca,Hoodies,Unisex",TRUE,Size,XS,500,shopify,100,250.00,front.webp,1,CasaBlanca casab-hoodies-003
casablanca-hoodies-casab-hoodies-003,,,,,,,,Size,S,500,shopify,100,250.00,,,
casablanca-hoodies-casab-hoodies-003,,,,,,,,Size,M,500,shopify,100,250.00,,,
casablanca-hoodies-casab-hoodies-003,,,,,,,,Size,L,500,shopify,100,250.00,,,
casablanca-hoodies-casab-hoodies-003,,,,,,,,Size,XL,500,shopify,100,250.00,,,
casablanca-hoodies-casab-hoodies-003,,,,,,,,Size,XXL,500,shopify,100,250.00,,,
casablanca-hoodies-casab-hoodies-003,,,,,,,,,,,,,back.webp,2,
casablanca-pants-casab-pants-001,CasaBlanca casab-pants-001,,CasaBlanca,Pants,"CasaBlanca,Pants,Unisex",TRUE,Size,XS,500,shopify,100,250.00,front.webp,1,CasaBlanca casab-pants-001
casablanca-pants-casab-pants-001,,,,,,,,Size,S,500,shopify,100,250.00,,,
casablanca-pants-casab-pants-001,,,,,,,,Size,M,500,shopify,100,250.00,,,
casablanca-pants-casab-pants-001,,,,,,,,Size,L,500,shopify,100,250.00,,,
casablanca-pants-casab-pants-001,,,,,,,,Size,XL,500,shopify,100,250.00,,,
casablanca-pants-casab-pants-001,,,,,,,,Size,XXL,500,shopify,100,250.00,,,
casablanca-pants-casab-pants-001,,,,,,,,,,,,,back.webp,2,
casablanca-pants-casab-pants-002,CasaBlanca casab-pants-002,,CasaBlanca,Pants,"CasaBlanca,Pants,Unisex",TRUE,Size,XS,500,shopify,100,250.00,front.webp,1,CasaBlanca casab-pants-002
casablanca-pants-casab-pants-002,,,,,,,,Size,S,500,shopify,100,250.00,,,
casablanca-pants-casab-pants-002,,,,,,,,Size,M,500,shopify,100,250.00,,,
casablanca-pants-casab-pants-002,,,,,,,,Size,L,500,shopify,100,250.00,,,
casablanca-pants-casab-pants-002,,,,,,,,Size,XL,500,shopify,100,250.00,,,
casablanca-pants-casab-pants-002,,,,,,,,Size,XXL,500,shopify,100,250.00,,,
casablanca-pants-casab-pants-002,,,,,,,,,,,,,back.webp,2,
casablanca-pants-casab-pants-003,CasaBlanca casab-pants-003,,CasaBlanca,Pants,"CasaBlanca,Pants,Unisex",TRUE,Size,XS,500,shopify,100,250.00,front.webp,1,CasaBlanca casab-pants-003
casablanca-pants-casab-pants-003,,,,,,,,Size,S,500,shopify,100,250.00,,,
casablanca-pants-casab-pants-003,,,,,,,,Size,M,500,shopify,100,250.00,,,
casablanca-pants-casab-pants-003,,,,,,,,Size,L,500,shopify,100,250.00,,,
casablanca-pants-casab-pants-003,,,,,,,,Size,XL,500,shopify,100,250.00,,,
casablanca-pants-casab-pants-003,,,,,,,,Size,XXL,500,shopify,100,250.00,,,
casablanca-pants-casab-pants-003,,,,,,,,,,,,,back.webp,2,
casablanca-sweatshirts-casab-sweatshirt-001,CasaBlanca casab-sweatshirt-001,,CasaBlanca,Sweatshirts,"CasaBlanca,Sweatshirts,Unisex",TRUE,Size,XS,500,shopify,100,250.00,front.webp,1,CasaBlanca casab-sweatshirt-001
casablanca-sweatshirts-casab-sweatshirt-001,,,,,,,,Size,S,500,shopify,100,250.00,,,
casablanca-sweatshirts-casab-sweatshirt-001,,,,,,,,Size,M,500,shopify,100,250.00,,,
casablanca-sweatshirts-casab-sweatshirt-001,,,,,,,,Size,L,500,shopify,100,250.00,,,
casablanca-sweatshirts-casab-sweatshirt-001,,,,,,,,Size,XL,500,shopify,100,250.00,,,
casablanca-sweatshirts-casab-sweatshirt-001,,,,,,,,Size,XXL,500,shopify,100,250.00,,,
casablanca-sweatshirts-casab-sweatshirt-001,,,,,,,,,,,,,back.webp,2,
casablanca-sweatshirts-casab-sweatshirt-002,CasaBlanca casab-sweatshirt-002,,CasaBlanca,Sweatshirts,"CasaBlanca,Sweatshirts,Unisex",TRUE,Size,XS,500,shopify,100,250.00,front.webp,1,CasaBlanca casab-sweatshirt-002
casablanca-sweatshirts-casab-sweatshirt-002,,,,,,,,Size,S,500,shopify,100,250.00,,,
casablanca-sweatshirts-casab-sweatshirt-002,,,,,,,,Size,M,500,shopify,100,250.00,,,
casablanca-sweatshirts-casab-sweatshirt-002,,,,,,,,Size,L,500,shopify,100,250.00,,,
casablanca-sweatshirts-casab-sweatshirt-002,,,,,,,,Size,XL,500,shopify,100,250.00,,,
casablanca-sweatshirts-casab-sweatshirt-002,,,,,,,,Size,XXL,500,shopify,100,250.00,,,
casablanca-sweatshirts-casab-sweatshirt-002,,,,,,,,,,,,,back.webp,2,
casablanca-sweatshirts-casab-sweatshirt-003,CasaBlanca casab-sweatshirt-003,,CasaBlanca,Sweatshirts,"CasaBlanca,Sweatshirts,Unisex",TRUE,Size,XS,500,shopify,100,250.00,front.webp,1,CasaBlanca casab-sweatshirt-003
casablanca-sweatshirts-casab-sweatshirt-003,,,,,,,,Size,S,500,shopify,100,250.00,,,
casablanca-sweatshirts-casab-sweatshirt-003,,,,,,,,Size,M,500,shopify,100,250.00,,,
casablanca-sweatshirts-casab-sweatshirt-003,,,,,,,,Size,L,500,shopify,100,250.00,,,
casablanca-sweatshirts-casab-sweatshirt-003,,,,,,,,Size,XL,500,shopify,100,250.00,,,
casablanca-sweatshirts-casab-sweatshirt-003,,,,,,,,Size,XXL,500,shopify,100,250.00,,,
casablanca-sweatshirts-casab-sweatshirt-003,,,,,,,,,,,,,back.webp,2,
casablanca-tshirts-casab-tshirt-001,CasaBlanca casab-tshirt-001,,CasaBlanca,Tshirts,"CasaBlanca,Tshirts,Unisex",TRUE,Size,XS,500,shopify,100,250.00,front.webp,1,CasaBlanca casab-tshirt-001
casablanca-tshirts-casab-tshirt-001,,,,,,,,Size,S,500,shopify,100,250.00,,,
casablanca-tshirts-casab-tshirt-001,,,,,,,,Size,M,500,shopify,100,250.00,,,
casablanca-tshirts-casab-tshirt-001,,,,,,,,Size,L,500,shopify,100,250.00,,,
casablanca-tshirts-casab-tshirt-001,,,,,,,,Size,XL,500,shopify,100,250.00,,,
casablanca-tshirts-casab-tshirt-001,,,,,,,,Size,XXL,500,shopify,100,250.00,,,
casablanca-tshirts-casab-tshirt-001,,,,,,,,,,,,,back.webp,2,
casablanca-tshirts-casab-tshirt-002,CasaBlanca casab-tshirt-002,,CasaBlanca,Tshirts,"CasaBlanca,Tshirts,Unisex",TRUE,Size,XS,500,shopify,100,250.00,front.webp,1,CasaBlanca casab-tshirt-002
casablanca-tshirts-casab-tshirt-002,,,,,,,,Size,S,500,shopify,100,250.00,,,
casablanca-tshirts-casab-tshirt-002,,,,,,,,Size,M,500,shopify,100,250.00,,,
casablanca-tshirts-casab-tshirt-002,,,,,,,,Size,L,500,shopify,100,250.00,,,
casablanca-tshirts-casab-tshirt-002,,,,,,,,Size,XL,500,shopify,100,250.00,,,
casablanca-tshirts-casab-tshirt-002,,,,,,,,Size,XXL,500,shopify,100,250.00,,,
casablanca-tshirts-casab-tshirt-002,,,,,,,,,,,,,back.webp,2,
casablanca-tshirts-casab-tshirt-003,CasaBlanca casab-tshirt-003,,CasaBlanca,Tshirts,"CasaBlanca,Tshirts,Unisex",TRUE,Size,XS,500,shopify,100,250.00,front.webp,1,CasaBlanca casab-tshirt-003
casablanca-tshirts-casab-tshirt-003,,,,,,,,Size,S,500,shopify,100,250.00,,,
casablanca-tshirts-casab-tshirt-003,,,,,,,,Size,M,500,shopify,100,250.00,,,
casablanca-tshirts-casab-tshirt-003,,,,,,,,Size,L,500,shopify,100,250.00,,,
casablanca-tshirts-casab-tshirt-003,,,,,,,,Size,XL,500,shopify,100,250.00,,,
casablanca-tshirts-casab-tshirt-003,,,,,,,,Size,XXL,500,shopify,100,250.00,,,
casablanca-tshirts-casab-tshirt-003,,,,,,,,,,,,,back.webp,2,
celine-hats-cl-hat-001,Celine cl-hat-001,,Celine,Hats,"Celine,Hats,Unisex",TRUE,Size,XS,500,shopify,100,250.00,front.webp,1,Celine cl-hat-001
celine-hats-cl-hat-001,,,,,,,,Size,S,500,shopify,100,250.00,,,
celine-hats-cl-hat-001,,,,,,,,Size,M,500,shopify,100,250.00,,,
celine-hats-cl-hat-001,,,,,,,,Size,L,500,shopify,100,250.00,,,
celine-hats-cl-hat-001,,,,,,,,Size,XL,500,shopify,100,250.00,,,
celine-hats-cl-hat-001,,,,,,,,Size,XXL,500,shopify,100,250.00,,,
celine-hats-cl-hat-002,Celine cl-hat-002,,Celine,Hats,"Celine,Hats,Unisex",TRUE,Size,XS,500,shopify,100,250.00,front.webp,1,Celine cl-hat-002
celine-hats-cl-hat-002,,,,,,,,Size,S,500,shopify,100,250.00,,,
celine-hats-cl-hat-002,,,,,,,,Size,M,500,shopify,100,250.00,,,
celine-hats-cl-hat-002,,,,,,,,Size,L,500,shopify,100,250.00,,,
celine-hats-cl-hat-002,,,,,,,,Size,XL,500,shopify,100,250.00,,,
celine-hats-cl-hat-002,,,,,,,,Size,XXL,500,shopify,100,250.00,,,
celine-hats-cl-hat-003,Celine cl-hat-003,,Celine,Hats,"Celine,Hats,Unisex",TRUE,Size,XS,500,shopify,100,250.00,front.webp,1,Celine cl-hat-003
celine-hats-cl-hat-003,,,,,,,,Size,S,500,shopify,100,250.00,,,
celine-hats-cl-hat-003,,,,,,,,Size,M,500,shopify,100,250.00,,,
celine-hats-cl-hat-003,,,,,,,,Size,L,500,shopify,100,250.00,,,
celine-hats-cl-hat-003,,,,,,,,Size,XL,500,shopify,100,250.00,,,
celine-hats-cl-hat-003,,,,,,,,Size,XXL,500,shopify,100,250.00,,,
celine-celine-hoodies,Celine hoodies,,Celine,Celine,"Celine,Celine,Unisex",TRUE,Size,XS,500,shopify,100,250.00,front.webp,1,Celine hoodies
celine-celine-hoodies,,,,,,,,Size,S,500,shopify,100,250.00,,,
celine-celine-hoodies,,,,,,,,Size,M,500,shopify,100,250.00,,,
celine-celine-hoodies,,,,,,,,Size,L,500,shopify,100,250.00,,,
celine-celine-hoodies,,,,,,,,Size,XL,500,shopify,100,250.00,,,
celine-celine-hoodies,,,,,,,,Size,XXL,500,shopify,100,250.00,,,
celine-celine-hoodies,,,,,,,,,,,,,back.webp,2,
essentials-bags-essentials-bags-001,Essentials essentials-bags-001,,Essentials,Bags,"Essentials,Bags,Unisex",TRUE,Size,XS,500,shopify,100,250.00,front.webp,1,Essentials essentials-bags-001
essentials-bags-essentials-bags-001,,,,,,,,Size,S,500,shopify,100,250.00,,,
essentials-bags-essentials-bags-001,,,,,,,,Size,M,500,shopify,100,250.00,,,
essentials-bags-essentials-bags-001,,,,,,,,Size,L,500,shopify,100,250.00,,,
essentials-bags-essentials-bags-001,,,,,,,,Size,XL,500,shopify,100,250.00,,,
essentials-bags-essentials-bags-001,,,,,,,,Size,XXL,500,shopify,100,250.00,,,
essentials-bags-essentials-bags-002,Essentials essentials-bags-002,,Essentials,Bags,"Essentials,Bags,Unisex",TRUE,Size,XS,500,shopify,100,250.00,front.webp,1,Essentials essentials-bags-002
essentials-bags-essentials-bags-002,,,,,,,,Size,S,500,shopify,100,250.00,,,
essentials-bags-essentials-bags-002,,,,,,,,Size,M,500,shopify,100,250.00,,,
essentials-bags-essentials-bags-002,,,,,,,,Size,L,500,shopify,100,250.00,,,
essentials-bags-essentials-bags-002,,,,,,,,Size,XL,500,shopify,100,250.00,,,
essentials-bags-essentials-bags-002,,,,,,,,Size,XXL,500,shopify,100,250.00,,,
essentials-bags-essentials-bags-002,,,,,,,,,,,,,detail1.webp,2,
essentials-bags-essentials-bags-002,,,,,,,,,,,,,detail2.webp,3,
essentials-bags-essentials-bags-003,Essentials essentials-bags-003,,Essentials,Bags,"Essentials,Bags,Unisex",TRUE,Size,XS,500,shopify,100,250.00,front.webp,1,Essentials essentials-bags-003
essentials-bags-essentials-bags-003,,,,,,,,Size,S,500,shopify,100,250.00,,,
essentials-bags-essentials-bags-003,,,,,,,,Size,M,500,shopify,100,250.00,,,
essentials-bags-essentials-bags-003,,,,,,,,Size,L,500,shopify,100,250.00,,,
essentials-bags-essentials-bags-003,,,,,,,,Size,XL,500,shopify,100,250.00,,,
essentials-bags-essentials-bags-003,,,,,,,,Size,XXL,500,shopify,100,250.00,,,
essentials-bags-essentials-bags-003,,,,,,,,,,,,,detail1.webp,2,
essentials-bags-essentials-bags-003,,,,,,,,,,,,,detail2.webp,3,
essentials-hoodies-essentials-hoodies-001,Essentials essentials-hoodies-001,,Essentials,Hoodies,"Essentials,Hoodies,Unisex",TRUE,Size,XS,500,shopify,100,250.00,front.webp,1,Essentials essentials-hoodies-001
essentials-hoodies-essentials-hoodies-001,,,,,,,,Size,S,500,shopify,100,250.00,,,
essentials-hoodies-essentials-hoodies-001,,,,,,,,Size,M,500,shopify,100,250.00,,,
essentials-hoodies-essentials-hoodies-001,,,,,,,,Size,L,500,shopify,100,250.00,,,
essentials-hoodies-essentials-hoodies-001,,,,,,,,Size,XL,500,shopify,100,250.00,,,
essentials-hoodies-essentials-hoodies-001,,,,,,,,Size,XXL,500,shopify,100,250.00,,,
essentials-hoodies-essentials-hoodies-001,,,,,,,,,,,,,back.webp,2,
essentials-hoodies-essentials-hoodies-002,Essentials essentials-hoodies-002,,Essentials,Hoodies,"Essentials,Hoodies,Unisex",TRUE,Size,XS,500,shopify,100,250.00,front.webp,1,Essentials essentials-hoodies-002
essentials-hoodies-essentials-hoodies-002,,,,,,,,Size,S,500,shopify,100,250.00,,,
essentials-hoodies-essentials-hoodies-002,,,,,,,,Size,M,500,shopify,100,250.00,,,
essentials-hoodies-essentials-hoodies-002,,,,,,,,Size,L,500,shopify,100,250.00,,,
essentials-hoodies-essentials-hoodies-002,,,,,,,,Size,XL,500,shopify,100,250.00,,,
essentials-hoodies-essentials-hoodies-002,,,,,,,,Size,XXL,500,shopify,100,250.00,,,
essentials-hoodies-essentials-hoodies-002,,,,,,,,,,,,,back.webp,2,
essentials-hoodies-essentials-hoodies-003,Essentials essentials-hoodies-003,,Essentials,Hoodies,"Essentials,Hoodies,Unisex",TRUE,Size,XS,500,shopify,100,250.00,front.webp,1,Essentials essentials-hoodies-003
essentials-hoodies-essentials-hoodies-003,,,,,,,,Size,S,500,shopify,100,250.00,,,
essentials-hoodies-essentials-hoodies-003,,,,,,,,Size,M,500,shopify,100,250.00,,,
essentials-hoodies-essentials-hoodies-003,,,,,,,,Size,L,500,shopify,100,250.00,,,
essentials-hoodies-essentials-hoodies-003,,,,,,,,Size,XL,500,shopify,100,250.00,,,
essentials-hoodies-essentials-hoodies-003,,,,,,,,Size,XXL,500,shopify,100,250.00,,,
essentials-hoodies-essentials-hoodies-003,,,,,,,,,,,,,back.webp,2,
essentials-pants-essentials-pants-001,Essentials essentials-pants-001,,Essentials,Pants,"Essentials,Pants,Unisex",TRUE,Size,XS,500,shopify,100,250.00,front.webp,1,Essentials essentials-pants-001
essentials-pants-essentials-pants-001,,,,,,,,Size,S,500,shopify,100,250.00,,,
essentials-pants-essentials-pants-001,,,,,,,,Size,M,500,shopify,100,250.00,,,
essentials-pants-essentials-pants-001,,,,,,,,Size,L,500,shopify,100,250.00,,,
essentials-pants-essentials-pants-001,,,,,,,,Size,XL,500,shopify,100,250.00,,,
essentials-pants-essentials-pants-001,,,,,,,,Size,XXL,500,shopify,100,250.00,,,
essentials-pants-essentials-pants-001,,,,,,,,,,,,,back.webp,2,
essentials-pants-essentials-pants-002,Essentials essentials-pants-002,,Essentials,Pants,"Essentials,Pants,Unisex",TRUE,Size,XS,500,shopify,100,250.00,front.webp,1,Essentials essentials-pants-002
essentials-pants-essentials-pants-002,,,,,,,,Size,S,500,shopify,100,250.00,,,
essentials-pants-essentials-pants-002,,,,,,,,Size,M,500,shopify,100,250.00,,,
essentials-pants-essentials-pants-002,,,,,,,,Size,L,500,shopify,100,250.00,,,
essentials-pants-essentials-pants-002,,,,,,,,Size,XL,500,shopify,100,250.00,,,
essentials-pants-essentials-pants-002,,,,,,,,Size,XXL,500,shopify,100,250.00,,,
essentials-pants-essentials-pants-002,,,,,,,,,,,,,back.webp,2,
essentials-pants-essentials-pants-003,Essentials essentials-pants-003,,Essentials,Pants,"Essentials,Pants,Unisex",TRUE,Size,XS,500,shopify,100,250.00,front.webp,1,Essentials essentials-pants-003
essentials-pants-essentials-pants-003,,,,,,,,Size,S,500,shopify,100,250.00,,,
essentials-pants-essentials-pants-003,,,,,,,,Size,M,500,shopify,100,250.00,,,
essentials-pants-essentials-pants-003,,,,,,,,Size,L,500,shopify,100,250.00,,,
essentials-pants-essentials-pants-003,,,,,,,,Size,XL,500,shopify,100,250.00,,,
essentials-pants-essentials-pants-003,,,,,,,,Size,XXL,500,shopify,100,250.00,,,
essentials-pants-essentials-pants-003,,,,,,,,,,,,,back.webp,2,
essentials-sets-essentials-sets-001,Essentials essentials-sets-001,,Essentials,Sets,"Essentials,Sets,Unisex",TRUE,Size,XS,500,shopify,100,250.00,front.webp,1,Essentials essentials-sets-001
essentials-sets-essentials-sets-001,,,,,,,,Size,S,500,shopify,100,250.00,,,
essentials-sets-essentials-sets-001,,,,,,,,Size,M,500,shopify,100,250.00,,,
essentials-sets-essentials-sets-001,,,,,,,,Size,L,500,shopify,100,250.00,,,
essentials-sets-essentials-sets-001,,,,,,,,Size,XL,500,shopify,100,250.00,,,
essentials-sets-essentials-sets-001,,,,,,,,Size,XXL,500,shopify,100,250.00,,,
essentials-sets-essentials-sets-002,Essentials essentials-sets-002,,Essentials,Sets,"Essentials,Sets,Unisex",TRUE,Size,XS,500,shopify,100,250.00,front.webp,1,Essentials essentials-sets-002
essentials-sets-essentials-sets-002,,,,,,,,Size,S,500,shopify,100,250.00,,,
essentials-sets-essentials-sets-002,,,,,,,,Size,M,500,shopify,100,250.00,,,
essentials-sets-essentials-sets-002,,,,,,,,Size,L,500,shopify,100,250.00,,,
essentials-sets-essentials-sets-002,,,,,,,,Size,XL,500,shopify,100,250.00,,,
essentials-sets-essentials-sets-002,,,,,,,,Size,XXL,500,shopify,100,250.00,,,
essentials-sets-essentials-sets-002,,,,,,,,,,,,,back.webp,2,
essentials-sets-essentials-sets-003,Essentials essentials-sets-003,,Essentials,Sets,"Essentials,Sets,Unisex",TRUE,Size,XS,500,shopify,100,250.00,front.webp,1,Essentials essentials-sets-003
essentials-sets-essentials-sets-003,,,,,,,,Size,S,500,shopify,100,250.00,,,
essentials-sets-essentials-sets-003,,,,,,,,Size,M,500,shopify,100,250.00,,,
essentials-sets-essentials-sets-003,,,,,,,,Size,L,500,shopify,100,250.00,,,
essentials-sets-essentials-sets-003,,,,,,,,Size,XL,500,shopify,100,250.00,,,
essentials-sets-essentials-sets-003,,,,,,,,Size,XXL,500,shopify,100,250.00,,,
essentials-shorts-essentials-shorts-001,Essentials essentials-shorts-001,,Essentials,Shorts,"Essentials,Shorts,Unisex",TRUE,Size,XS,500,shopify,100,250.00,front.webp,1,Essentials essentials-shorts-001
essentials-shorts-essentials-shorts-001,,,,,,,,Size,S,500,shopify,100,250.00,,,
essentials-shorts-essentials-shorts-001,,,,,,,,Size,M,500,shopify,100,250.00,,,
essentials-shorts-essentials-shorts-001,,,,,,,,Size,L,500,shopify,100,250.00,,,
essentials-shorts-essentials-shorts-001,,,,,,,,Size,XL,500,shopify,100,250.00,,,
essentials-shorts-essentials-shorts-001,,,,,,,,Size,XXL,500,shopify,100,250.00,,,
essentials-shorts-essentials-shorts-002,Essentials essentials-shorts-002,,Essentials,Shorts,"Essentials,Shorts,Unisex",TRUE,Size,XS,500,shopify,100,250.00,front.webp,1,Essentials essentials-shorts-002
essentials-shorts-essentials-shorts-002,,,,,,,,Size,S,500,shopify,100,250.00,,,
essentials-shorts-essentials-shorts-002,,,,,,,,Size,M,500,shopify,100,250.00,,,
essentials-shorts-essentials-shorts-002,,,,,,,,Size,L,500,shopify,100,250.00,,,
essentials-shorts-essentials-shorts-002,,,,,,,,Size,XL,500,shopify,100,250.00,,,
essentials-shorts-essentials-shorts-002,,,,,,,,Size,XXL,500,shopify,100,250.00,,,
essentials-shorts-essentials-shorts-003,Essentials essentials-shorts-003,,Essentials,Shorts,"Essentials,Shorts,Unisex",TRUE,Size,XS,500,shopify,100,250.00,front.webp,1,Essentials essentials-shorts-003
essentials-shorts-essentials-shorts-003,,,,,,,,Size,S,500,shopify,100,250.00,,,
essentials-shorts-essentials-shorts-003,,,,,,,,Size,M,500,shopify,100,250.00,,,
essentials-shorts-essentials-shorts-003,,,,,,,,Size,L,500,shopify,100,250.00,,,
essentials-shorts-essentials-shorts-003,,,,,,,,Size,XL,500,shopify,100,250.00,,,
essentials-shorts-essentials-shorts-003,,,,,,,,Size,XXL,500,shopify,100,250.00,,,
essentials-sweatshirts-essentials-sweatshirt-001,Essentials essentials-sweatshirt-001,,Essentials,Sweatshirts,"Essentials,Sweatshirts,Unisex",TRUE,Size,XS,500,shopify,100,250.00,front.webp,1,Essentials essentials-sweatshirt-001
essentials-sweatshirts-essentials-sweatshirt-001,,,,,,,,Size,S,500,shopify,100,250.00,,,
essentials-sweatshirts-essentials-sweatshirt-001,,,,,,,,Size,M,500,shopify,100,250.00,,,
essentials-sweatshirts-essentials-sweatshirt-001,,,,,,,,Size,L,500,shopify,100,250.00,,,
essentials-sweatshirts-essentials-sweatshirt-001,,,,,,,,Size,XL,500,shopify,100,250.00,,,
essentials-sweatshirts-essentials-sweatshirt-001,,,,,,,,Size,XXL,500,shopify,100,250.00,,,
essentials-sweatshirts-essentials-sweatshirt-001,,,,,,,,,,,,,back.webp,2,